Year,Street,Number of Entities,Number of Vacant,Type
1952,Neshannock Av,245,8,Mixed
1952,Jefferson (South),388,15,Mixed
1952,Washington (East),898,25,Mixed
1952,Washington (West),375,9,Mixed
1952,North (East-West),275,9,Mixed
1958,Neshannock Av,248,41,Mixed
1958,Jefferson (South),302,30,Mixed
1958,Washington (East),819,77,Mixed
1958,Washington (West),341,21,Mixed
1958,North (East-West),0,0,NA
1963,Neshannock Av,259,43,Mixed
1963,Jefferson (South),317,33,Mixed
1963,Washington (East),820,84,Mixed
1963,Washington (West),332,41,Mixed
1963,North (East-West),0,0,NA
1967,Neshannock Av,252,40,Mixed
1967,Jefferson (South),295,54,Mixed
1967,Washington (East),831,90,Mixed
1967,Washington (West),316,57,Mixed
1967,North (East-West),0,0,NA
1973,Neshannock Av,3,1,Non-Residential
1973,Jefferson (South),215,12,Mixed
1973,Washington (East),726,103,Mixed
1973,Washington (West),238,19,Mixed
1973,North (East-West),151,20,Mixed