,Number of Entities,Number of Vacant,Street,Type,Year
0,9,0,Acorn,Residential,1952
1,110,1,Adams,Mixed,1952
2,23,3,Addis,Residential,1952
3,1,0,Adella,Residential,1952
4,30,0,Agnew,Residential,1952
5,44,0,Albert,Mixed,1952
6,21,2,Alborn Av,Mixed,1952
7,0,0,Alborn Mill Road,,1952
8,27,2,Allegheny Av,Residential,1952
9,30,0,Allen,Mixed,1952
10,14,0,Almira,Residential,1952
11,6,3,Alvaretta Blvd,Residential,1952
12,4,0,Andrew,Residential,1952
13,3,0,Ann,Residential,1952
14,9,0,Appleway (North),Mixed,1952
15,7,1,Appleway (South),Mixed,1952
16,1,0,Arch (East),Residential,1952
17,70,0,Arlington Av,Residential,1952
18,54,2,Ashland Av (North),Mixed,1952
19,26,1,Ashland Av (South),Residential,1952
20,16,0,Atkinson,Residential,1952
21,53,1,Atlantic Av,Mixed,1952
22,0,0,Auburn Av,,1952
23,37,15,Audley,Residential,1952
24,35,0,Balph Av (East-West),Residential,1952
25,11,0,Barbour Place,Residential,1952
26,24,0,Bartram Av,Residential,1952
27,4,0,Beatty Av,Residential,1952
28,80,4,Beaver (North),Mixed,1952
29,62,4,Beaver (South),Mixed,1952
30,9,0,Becker Av,Residential,1952
31,119,2,Beckford,Mixed,1952
32,5,0,Beech,Residential,1952
33,1,0,Beechwood Way,Residential,1952
34,46,3,Bell Av,Residential,1952
35,10,0,Bellevue Av,Residential,1952
36,2,0,Belmont,Residential,1952
37,14,0,Berger,Residential,1952
38,9,0,Berger Place,Residential,1952
39,16,0,Big Run (East-West),Residential,1952
40,2,0,Birt Av,Residential,1952
41,48,1,Blaine,Mixed,1952
42,4,0,Blanchard,Residential,1952
43,16,0,Bleakley Av,Mixed,1952
44,41,1,Bluff,Residential,1952
45,10,0,Blunston Av,Residential,1952
46,5,0,Bolt,Residential,1952
47,10,0,Bonzo,Residential,1952
48,18,0,Borough Line,Residential,1952
49,30,0,Boston Av,Residential,1952
50,102,3,Boyles Av,Mixed,1952
51,4,0,Bradner Av,Residential,1952
52,15,0,Brentwood,Residential,1952
53,8,3,Bridge,Residential,1952
54,7,0,Brinton Av,Residential,1952
55,24,0,Brooklyn Av,Residential,1952
56,12,0,Bryson Road,Residential,1952
57,35,1,Buena Vista Way,Residential,1952
58,4,0,Burke,Residential,1952
59,5,0,Burns,Residential,1952
60,211,1,Butler Av,Mixed,1952
61,15,0,Butz Av,Residential,1952
62,4,2,Byers Av (East-West),Residential,1952
63,5,0,Caldwell Av,Residential,1952
64,0,0,Calvert,,1952
65,15,0,Cameron Av,Residential,1952
66,17,0,Canyon,Residential,1952
67,7,0,Carl,Residential,1952
68,43,2,Carlisle,Residential,1952
69,6,0,Carlsbad Place,Residential,1952
70,8,0,Carr Av,Residential,1952
71,16,0,Carson,Residential,1952
72,58,2,Cascade (North),Mixed,1952
73,50,2,Cascade (South),Mixed,1952
74,14,0,Cascade Blvd,Mixed,1952
75,5,0,Cass,Mixed,1952
76,7,0,Castle,Residential,1952
77,0,0,Castle Hill Manor,,1952
78,28,0,Cecil Ave,Residential,1952
79,128,3,Cedar (North),Mixed,1952
80,37,0,Cedar (South),Residential,1952
81,14,0,Centennial,Residential,1952
82,1,0,Centennial Av,Residential,1952
83,31,3,Center,Mixed,1952
84,18,0,Center Alley (East-West),Residential,1952
85,0,0,Central Square,,1952
86,49,0,Chartes (East-West),Mixed,1952
87,117,5,Cherry (East-West),Mixed,1952
88,81,0,Chestnut,Residential,1952
89,3,0,City Line,Residential,1952
90,16,0,Clarence Av,Residential,1952
91,99,2,Clayton (East-West),Mixed,1952
92,11,0,Clearview Av,Mixed,1952
93,59,0,Clen-Moore Blvd,Mixed,1952
94,27,2,Clen-Moore Blvd (West),Residential,1952
95,30,0,Cleveland Av,Residential,1952
96,20,0,Cliff,Residential,1952
97,8,0,Coates Av,Residential,1952
98,14,3,Cochran (North),Mixed,1952
99,10,0,Cochran (South),Mixed,1952
100,7,0,Conkle Av,Residential,1952
101,0,0,Conn,,1952
102,5,1,Conner Av,Residential,1952
103,1,0,Coolidge,Residential,1952
104,7,0,Cottage,Residential,1952
105,118,4,County Line,Mixed,1952
106,128,4,Court,Mixed,1952
107,3,0,Craig,Residential,1952
108,67,1,Crawford Av (North),Mixed,1952
109,34,0,Crawford Av (South),Residential,1952
110,2,0,Crawford Terrace,Residential,1952
111,9,0,Crescent Av,Residential,1952
112,439,14,Croton Av,Mixed,1952
113,10,0,Crow,Residential,1952
114,24,18,Cuba,Residential,1952
115,5,0,Culbertson Place,Residential,1952
116,17,0,Cumberland Av,Residential,1952
117,89,0,Cunningham Av,Mixed,1952
118,4,0,Darlington Av,Residential,1952
119,2,2,Decker Drive,,1952
120,148,2,Delaware Av,Residential,1952
121,21,0,Denver Av,Residential,1952
122,22,4,Deshon Village,Mixed,1952
123,69,2,Dewey Av,Residential,1952
124,10,1,Diamond (North),Residential,1952
125,6,1,Diamond (South),Mixed,1952
126,6,0,Dickson,Residential,1952
127,8,0,Dillworth Av,Residential,1952
128,79,3,Division (East-West),Mixed,1952
129,13,0,Duquesne Av,Residential,1952
130,52,0,Dushane,Residential,1952
131,75,7,East,Mixed,1952
132,35,0,East Main,Residential,1952
133,29,0,Eastbrook,Mixed,1952
134,4,0,Eddy,Residential,1952
135,80,3,Edgewood Av,Residential,1952
136,12,1,Edgewood Av (West),Residential,1952
137,60,1,Edison Av (East-West),Residential,1952
138,9,1,Eighth,Mixed,1952
139,50,0,Electric,Residential,1952
140,59,4,Elizabeth Av (East-West),Residential,1952
141,5,1,Ellis Way,Residential,1952
142,2,0,Ellsworth Way,Residential,1952
143,26,1,Elm,Mixed,1952
144,44,0,Elmwood,Residential,1952
145,20,0,Emerson Av,Residential,1952
146,9,0,Emery,Mixed,1952
147,59,1,Englewood Av,Residential,1952
148,47,1,English Av,Mixed,1952
149,30,1,Epworth,Residential,1952
150,16,0,Erie Av,Mixed,1952
151,31,1,Etna,Residential,1952
152,115,4,Euclid Av,Mixed,1952
153,26,2,Euclid Av (West),Mixed,1952
154,77,2,Fairfield Av,Residential,1952
155,92,3,Fairmont Av,Residential,1952
156,31,3,Fairmont Av (West),Mixed,1952
157,5,1,Fairview,Residential,1952
158,85,5,Falls (East-West),Mixed,1952
159,3,0,Federal,Residential,1952
160,20,0,Fern,Residential,1952
161,36,0,Fern,Mixed,1952
162,2,0,Fifth,Residential,1952
163,20,1,Finch,Residential,1952
164,2,0,First (North),Residential,1952
165,8,0,First (South),Residential,1952
166,2,0,Fleming Way,Residential,1952
167,2,0,Florence Av,Residential,1952
168,26,0,Florence Av,Mixed,1952
169,27,2,Forest,Residential,1952
170,3,0,Fourth,Residential,1952
171,6,0,Francis,Residential,1952
172,1,0,Francis Av,Residential,1952
173,11,0,Francis Place,Residential,1952
174,19,0,Frank Av,Mixed,1952
175,6,0,Frank Way,Mixed,1952
176,43,1,Franklin Av,Mixed,1952
177,14,3,Frazier Drive,Residential,1952
178,50,1,Friendship,Residential,1952
179,12,2,Front (North),Residential,1952
180,18,1,Front (South),Residential,1952
181,14,0,Fulkerson,Residential,1952
182,24,2,Fulton (East-West),Residential,1952
183,1,0,Furnace,Non-Residential,1952
184,52,0,Galbreath Av,Mixed,1952
185,7,0,Gardner Av,Mixed,1952
186,3,1,Gardner Lane,Residential,1952
187,176,2,Garfield Av (East-West),Mixed,1952
188,0,0,George,,1952
189,4,0,Gibson Av,Residential,1952
190,22,0,Gilmore,Mixed,1952
191,7,0,Glass,Mixed,1952
192,6,0,Glen Av,Residential,1952
193,5,0,Good Av,Residential,1952
194,25,0,Graceland Road,Mixed,1952
195,47,4,Grandview Av,Mixed,1952
196,0,0,Grandview Av,,1952
197,167,8,Grant Av (East-West),Mixed,1952
198,30,1,Green,Mixed,1952
199,14,0,Greenwood Av (North),Residential,1952
200,15,0,Greenwood Av (South),Mixed,1952
201,14,0,Gretchen Av,Residential,1952
202,8,0,Grigsby Av,Residential,1952
203,11,0,Grimes,Mixed,1952
204,13,1,Grove,Mixed,1952
205,7,1,Grove Av,Residential,1952
206,6,0,Guadalcanal Road,Residential,1952
207,1,0,Hale,Residential,1952
208,112,3,Hamilton,Residential,1952
209,73,0,Hanna,Mixed,1952
210,41,1,Harbor,Mixed,1952
211,20,1,Harbor Road,Mixed,1952
212,12,0,Harding Av,Mixed,1952
213,77,0,Harrison,Mixed,1952
214,14,2,Hart,Residential,1952
215,9,0,Hartman,Residential,1952
216,11,1,Haus Av,Residential,1952
217,16,0,Hawthorne Av,Residential,1952
218,29,0,Hazel,Residential,1952
219,83,5,Hazelcroft Av,Mixed,1952
220,26,0,Hazen,Residential,1952
221,6,0,Hemlock,Residential,1952
222,3,2,Herrick Av,Residential,1952
223,38,0,High,Residential,1952
224,7,0,High,Residential,1952
225,318,10,Highland Av,Mixed,1952
226,5,0,Highland Place,Residential,1952
227,5,0,Hill Row,Residential,1952
228,122,6,Hillcrest Av,Mixed,1952
229,4,3,Hillcrest Av (West),Residential,1952
230,7,0,Hiram Way,Residential,1952
231,3,0,Hobart,Non-Residential,1952
232,10,0,Holton,Residential,1952
233,77,3,Home (East-West),Mixed,1952
234,3,0,Homestead,Mixed,1952
235,6,0,Homestead,Residential,1952
236,0,0,Hoover Av,,1952
237,22,0,Howard Way,Mixed,1952
238,20,0,Huey,Residential,1952
239,89,0,Huron Av,Residential,1952
240,12,0,Hutchman,Residential,1952
241,3,3,Idlewild Drive,,1952
242,3,0,Industrial,Non-Residential,1952
243,43,1,Jackson,Mixed,1952
244,123,4,Jefferson (North),Mixed,1952
245,388,15,Jefferson (South),Mixed,1952
246,26,1,John,Residential,1952
247,13,0,Johnson,Residential,1952
248,2,0,Jones,Residential,1952
249,18,0,Junior High,Mixed,1952
250,40,1,Katherine,Residential,1952
251,36,3,Kenneth Av,Residential,1952
252,16,2,Kerr,Residential,1952
253,40,0,King Av,Residential,1952
254,0,0,King's Chapel Road,,1952
255,12,2,Knox,Residential,1952
256,24,0,Knox Av,Residential,1952
257,16,0,Kurtz,Residential,1952
258,4,0,Kurtz Place,Mixed,1952
259,6,0,Lacock (East-West),Mixed,1952
260,18,0,Lafayette (North),Mixed,1952
261,27,1,Lafayette (South),Mixed,1952
262,7,7,Lakeview Av,,1952
263,49,0,Lathrop,Residential,1952
264,51,3,Laurel Av (East-West),Mixed,1952
265,52,2,Laurel Blvd,Residential,1952
266,10,0,Laurel Place,Residential,1952
267,19,0,Lawrence (East-West),Mixed,1952
268,153,3,Leasure Av (East-West),Residential,1952
269,30,0,Lee Av (North),Residential,1952
270,30,2,Lee Av (South),Residential,1952
271,6,0,Levine Way,Residential,1952
272,186,7,Liberty (North),Mixed,1952
273,42,2,Liberty (South),Mixed,1952
274,122,13,Lincoln Av (East-West),Mixed,1952
275,0,0,Linden,,1952
276,43,1,Locust,Mixed,1952
277,8,0,Logan,Residential,1952
278,340,16,Long Av (East-West),Mixed,1952
279,40,1,Loraine Av,Residential,1952
280,6,0,Lowry,Residential,1952
281,8,0,Ludwig Road,Mixed,1952
282,153,1,Lutton (East-West),Residential,1952
283,59,2,Lyndal,Mixed,1952
284,14,1,Mabel,Residential,1952
285,104,0,Madison Av (East-West),Mixed,1952
286,10,0,Magee,Residential,1952
287,58,1,Mahoning Av,Mixed,1952
288,0,0,Main,,1952
289,26,1,Maitland,Mixed,1952
290,65,0,Maitland Lane,Mixed,1952
291,2,0,Manor Av,Residential,1952
292,16,0,Maple,Mixed,1952
293,5,1,Maple (East-West),Mixed,1952
294,12,0,Maple Drive,Residential,1952
295,1,0,Margaret,Non-Residential,1952
296,2,0,Marion Court,Residential,1952
297,4,1,Market (East-West),Non-Residential,1952
298,47,0,Marshall,Mixed,1952
299,6,0,Marshall,Residential,1952
300,49,2,Martha,Mixed,1952
301,39,0,Martin Av,Residential,1952
302,81,3,Maryland Av,Residential,1952
303,33,0,Matilda Av,Mixed,1952
304,3,0,McCarty Lane,Residential,1952
305,4,0,McClain Av,Residential,1952
306,15,0,McCleary Av,Mixed,1952
307,35,1,McClelland Av,Residential,1952
308,6,0,McCready Place,Residential,1952
309,1,0,McKinley,Non-Residential,1952
310,2,0,Meadow,Residential,1952
311,4,1,Mechanic,Non-Residential,1952
312,6,0,Meegan Av,Residential,1952
313,5,1,Melrose Av,Residential,1952
314,349,19,Mercer (North),Mixed,1952
315,105,4,Mercer (South),Mixed,1952
316,91,1,Meyer Av,Mixed,1952
317,31,1,Meyer Av (West),Residential,1952
318,0,0,Midway Island Circle,,1952
319,175,6,Mill (North),Mixed,1952
320,282,14,Mill (South),Mixed,1952
321,43,0,Miller (East-West),Mixed,1952
322,34,0,Miller Av,Mixed,1952
323,0,0,Miller Road,,1952
324,2,1,Miller Road (South),Residential,1952
325,16,0,Mills Way,Residential,1952
326,40,1,Milton,Residential,1952
327,0,0,Milton Way (South),,1952
328,0,0,Mitchel,,1952
329,21,1,Monroe,Residential,1952
330,41,1,Montgomery Av,Residential,1952
331,144,3,Moody Ave (East-West),Mixed,1952
332,23,0,Moore Ave,Residential,1952
333,201,9,Moravia,Mixed,1952
334,14,1,Moravia Road,Residential,1952
335,13,0,Morehead Av,Residential,1952
336,77,0,Morris,Mixed,1952
337,70,0,Morton,Mixed,1952
338,15,0,Motor,Residential,1952
339,10,0,MtPleasant,Mixed,1952
340,26,0,Mulberry (North),Residential,1952
341,20,0,Mulberry (South),Residential,1952
342,13,0,National,Residential,1952
343,27,0,Neal,Mixed,1952
344,7,0,Nemo,Mixed,1952
345,245,8,Neshannock Av,Mixed,1952
346,3,1,Neshannock Bank,Residential,1952
347,47,1,Neshannock Blvd,Mixed,1952
348,34,0,Newell Av,Mixed,1952
349,10,1,Norris (North),Mixed,1952
350,0,0,Norris (South),,1952
351,275,9,North (East-West),Mixed,1952
352,10,0,Northview Av,Residential,1952
353,81,0,Northview Av,Mixed,1952
354,37,3,Northview Av (West),Residential,1952
355,56,0,Norwood Av,Residential,1952
356,1,0,Nutt,Non-Residential,1952
357,12,0,O'Brien Av,Residential,1952
358,67,0,Oak,Mixed,1952
359,19,0,Oakland Av,Mixed,1952
360,22,0,Oakwood Av,Residential,1952
361,22,2,Oakwood Way,Mixed,1952
362,9,0,Okinawa Drive,Residential,1952
363,0,0,Old Butler Road,,1952
364,8,0,Old Long Av,Residential,1952
365,25,1,Old Pittsburgh Road,Mixed,1952
366,39,3,Old Plank Road,Residential,1952
367,4,0,Orchard (East-West),Residential,1952
368,11,0,Orchard Way,Residential,1952
369,11,0,Orlando Av,Residential,1952
370,2,0,Osage,Residential,1952
371,146,1,Park Av,Mixed,1952
372,3,0,Park Lane,Residential,1952
373,10,0,Patterson Av,Residential,1952
374,3,0,Paul,Residential,1952
375,21,0,Pearl,Residential,1952
376,3,2,Pearl (West),Residential,1952
377,126,2,Pearson,Mixed,1952
378,2,0,Pearson Mill Road,Residential,1952
379,116,2,Pennsylvania Av,Residential,1952
380,11,0,Pennsylvania Av Ext,Residential,1952
381,25,1,Phillips,Residential,1952
382,10,0,Phillips Place,Residential,1952
383,67,0,Pine,Residential,1952
384,0,0,Plum,,1952
385,3,0,Point Place,Residential,1952
386,62,1,Pollock Av,Mixed,1952
387,6,0,Poplar,Residential,1952
388,8,0,Porter,Residential,1952
389,8,1,Power,Mixed,1952
390,15,0,Preston Av,Mixed,1952
391,17,1,Produce,Mixed,1952
392,13,0,Prospect,Residential,1952
393,43,1,Pulaski Road,Residential,1952
394,0,0,Quay,,1952
395,34,2,Quest,Mixed,1952
396,4,1,Rabbit Av,Residential,1952
397,1,0,Race (East-West),,1952
398,45,0,Randolph,Residential,1952
399,12,0,Ranney Av (East-West),Residential,1952
400,54,0,Ray (North),Mixed,1952
401,105,0,Ray (South),Mixed,1952
402,29,1,Raymond,Mixed,1952
403,15,2,Rebecca,Mixed,1952
404,10,0,Rebecca Way,Mixed,1952
405,2,0,Reiber,Residential,1952
406,14,0,Reis,Mixed,1952
407,154,2,Reynolds (East-West),Mixed,1952
408,9,3,Rhodes Place,Residential,1952
409,32,1,Richelieu Av,Residential,1952
410,8,0,Ridge,Residential,1952
411,9,0,Ridge Av,Residential,1952
412,2,0,Ridge Av,Mixed,1952
413,5,0,Rigby,Residential,1952
414,16,0,Riverview Av,Mixed,1952
415,13,0,Robinson,Residential,1952
416,3,0,Robinson Lane,Residential,1952
417,14,0,Robinwood,Residential,1952
418,0,0,Rock Av,,1952
419,13,0,Roosevelt,Residential,1952
420,71,1,Rose Av,Mixed,1952
421,8,1,Rosedale,Residential,1952
422,7,0,Round (North),Mixed,1952
423,17,0,Round (South),Residential,1952
424,6,2,Roy Drive,Residential,1952
425,0,0,Rural Av,,1952
426,41,2,Ryan Av,Residential,1952
427,84,7,Sampson,Mixed,1952
428,13,0,Sankey,Residential,1952
429,11,0,Savannah Road,Residential,1952
430,22,0,Schenley,Residential,1952
431,2,0,Schley,Residential,1952
432,3,0,School,Residential,1952
433,53,1,Scioto,Mixed,1952
434,47,5,Scotland Lane,Mixed,1952
435,29,0,Scott (North),Residential,1952
436,10,0,Scott (South),Residential,1952
437,4,0,Second,Residential,1952
438,0,0,Sernett,,1952
439,7,1,Service,Residential,1952
440,3,0,Seventh,Residential,1952
441,38,0,Shady Side,Residential,1952
442,15,0,Sharp (East-West),Residential,1952
443,49,0,Shaw,Residential,1952
444,6,0,Sheets,Residential,1952
445,39,0,Shenango (North),Mixed,1952
446,2,1,Shenango (South),Non-Residential,1952
447,138,0,Sheridan Av (East-West),Residential,1952
448,1,0,Sherman,Non-Residential,1952
449,2,0,Shira,Residential,1952
450,3,0,Short,Residential,1952
451,10,0,Sixth,Residential,1952
452,5,0,Slate,Residential,1952
453,7,0,Smith,Residential,1952
454,97,1,Smithfield,Mixed,1952
455,32,2,South (East-West),Mixed,1952
456,0,0,South New Castle Burough,,1952
457,5,0,Southview Av,Residential,1952
458,22,1,Spring,Residential,1952
459,6,0,Spring Garden,Residential,1952
460,54,2,Spruce,Mixed,1952
461,15,1,Stanton Av,Mixed,1952
462,2,0,Stanton Av,Residential,1952
463,169,3,State,Mixed,1952
464,1,0,Stewart,Residential,1952
465,6,0,Stewart Place,Residential,1952
466,22,0,Summit,Residential,1952
467,72,0,Sumner,Mixed,1952
468,8,1,Sunny Av,Residential,1952
469,56,2,Superior,Residential,1952
470,2,0,Swansea Av (East-West),Residential,1952
471,0,0,Swansea Av (South),,1952
472,21,1,Sycamore,Residential,1952
473,6,0,Sycamore (East-West),Mixed,1952
474,6,0,Syling,Residential,1952
475,47,1,Taylor,Mixed,1952
476,16,0,Tempalena (East-West),Residential,1952
477,31,0,Temple Av,Residential,1952
478,54,0,Terrace Av (East-West),Mixed,1952
479,2,0,Third,Residential,1952
480,25,2,Thorpe,Residential,1952
481,3,0,Tremont,Residential,1952
482,10,0,Treser Av (East-West),Residential,1952
483,2,0,Tucker Way,Residential,1952
484,6,0,Tulagi Way,Residential,1952
485,20,0,Uber Av,Residential,1952
486,16,0,Underwood,Residential,1952
487,2,0,Union,Residential,1952
488,2,0,Union Av,Residential,1952
489,1,0,Valentine,Non-Residential,1952
490,5,0,Valley,Residential,1952
491,0,0,Vesta,,1952
492,37,0,Vine (North),Mixed,1952
493,11,0,Vine (South),Mixed,1952
494,34,1,Vogan Av,Mixed,1952
495,50,1,Wabash Av (East-West),Residential,1952
496,55,0,Waldo,Residential,1952
497,0,0,Walker,,1952
498,174,4,Wallace Av (East-West),Mixed,1952
499,6,0,Walls,Residential,1952
500,0,0,Walmo,,1952
501,0,0,Walmo-Eastbrook Road,,1952
502,59,2,Walnut (North),Residential,1952
503,61,4,Walnut (South),Mixed,1952
504,13,0,Walter,Residential,1952
505,6,0,Warner Alley,Residential,1952
506,39,2,Warner Av,Mixed,1952
507,898,25,Washington (East),Mixed,1952
508,375,9,Washington (West),Mixed,1952
509,6,0,Water,Mixed,1952
510,15,0,Wayne (North),Residential,1952
511,18,0,Wayne (South),Residential,1952
512,12,1,Weaver,Residential,1952
513,3,0,Weinberg,Residential,1952
514,2,0,Wellsley,Residential,1952
515,5,0,West Av,Residential,1952
516,17,1,West Park Way,Residential,1952
517,0,0,West Pittsburgh Road,,1952
518,21,1,Whippo,Residential,1952
519,4,0,White,Mixed,1952
520,0,0,Whitney Av,,1952
521,10,0,Wick,Residential,1952
522,11,0,Wilder Av,Residential,1952
523,24,0,Wildwood Av,Residential,1952
524,5,0,Willard Av,Residential,1952
525,1,0,Williams,Residential,1952
526,3,0,Williams,Residential,1952
527,28,0,Williams,Residential,1952
528,31,4,Willowbrook Road,Residential,1952
529,276,8,Wilmington Av,Mixed,1952
530,58,1,Wilson Av,Mixed,1952
531,0,0,Wilson Road,,1952
532,63,0,Winslow,Mixed,1952
533,119,6,Winter Av (East-West),Mixed,1952
534,10,1,Wolfe,Residential,1952
535,12,1,Wood,Residential,1952
536,0,0,Wood Av,,1952
537,9,0,Woodland Av,Residential,1952
538,4,0,Woodland Drive,Residential,1952
539,4,1,Woodrow,Residential,1952
540,9,0,Woods,Residential,1952
541,18,0,Wooley,Residential,1952
542,42,3,Worthington Av (West),Residential,1952
543,7,1,Yoho,Residential,1952
544,36,0,Young,Mixed,1952
545,12,0,Acorn,Residential,1973
546,105,0,Adams,Mixed,1973
547,32,2,Addis,Residential,1973
548,1,0,Adella,Residential,1973
549,29,1,Agnew,Residential,1973
550,47,2,Albert,Mixed,1973
551,14,1,Alborn Av,Residential,1973
552,0,0,Alborn Mill Road,,1973
553,33,0,Allegheny Av,Residential,1973
554,24,2,Allen,Mixed,1973
555,16,1,Almira,Residential,1973
556,41,1,Altman Road,Residential,1973
557,9,0,Alvaretta Blvd,Residential,1973
558,5,0,Andrew,Residential,1973
559,3,0,Ann,Residential,1973
560,7,0,Appleway (North),Non-Residential,1973
561,3,1,Appleway (South),Mixed,1973
562,1,0,Arch (East),Residential,1973
563,68,5,Arlington Av,Mixed,1973
564,54,0,Ashland Av (North),Residential,1973
565,19,1,Ashland Av (South),Mixed,1973
566,19,1,Atkinson,Residential,1973
567,44,5,Atlantic Av,Mixed,1973
568,0,0,Auburn Av,,1973
569,49,0,Audley,Residential,1973
570,37,0,Avalon Drive,Residential,1973
571,35,1,Balph Av (East-West),Residential,1973
572,14,0,Barbour Place,Residential,1973
573,20,0,Bartram Av,Residential,1973
574,11,0,Basilone Drive,Residential,1973
575,3,0,Beatrice,Residential,1973
576,5,0,Beatty Av,Residential,1973
577,173,5,Beaver (North),Mixed,1973
578,40,2,Beaver (South),Mixed,1973
579,9,1,Becker Av,Residential,1973
580,105,1,Beckford,Mixed,1973
581,4,2,Beech,Residential,1973
582,2,0,Beechwood Way,Residential,1973
583,50,4,Bell Av,Mixed,1973
584,31,0,Bellaire Drive,Residential,1973
585,9,0,Bellview Av,Residential,1973
586,2,0,Belmont,Residential,1973
587,12,0,Berger,Mixed,1973
588,11,0,Berger Place,Residential,1973
589,18,1,Big Run (East-West),Mixed,1973
590,4,0,Birchcrest Drive,Residential,1973
591,2,0,Birt Av,Residential,1973
592,9,2,Blackstone Drive,Residential,1973
593,40,3,Blaine,Residential,1973
594,2,0,Blair Drive,Residential,1973
595,3,0,Blanchard,Residential,1973
596,18,1,Bleakley Av,Residential,1973
597,21,0,Blossom Lane,Residential,1973
598,38,0,Bluff,Residential,1973
599,10,1,Blunston Av,Residential,1973
600,4,0,Bolt,Residential,1973
601,10,0,Bonzo,Residential,1973
602,36,1,Booker Drive,Residential,1973
603,19,0,Borough Line,Residential,1973
604,34,1,Boston Av,Residential,1973
605,4,0,Botham,Residential,1973
606,113,7,Boyles Av,Residential,1973
607,3,0,Bradner Av,Residential,1973
608,14,0,Brentwood,Residential,1973
609,14,0,Brigadon Lane,Residential,1973
610,1,0,Brinton Av,Residential,1973
611,21,0,Brooklyn Av,Residential,1973
612,9,0,Brown,Residential,1973
613,16,2,Bryson Mill Road,Residential,1973
614,39,1,Buena Vista Way,Residential,1973
615,4,0,Burke,Residential,1973
616,11,0,Burns,Residential,1973
617,206,9,Butler Av,Mixed,1973
618,28,0,Butz Av,Mixed,1973
619,17,1,Byers Av (East-West),Mixed,1973
620,11,1,Cadet,Residential,1973
621,4,0,Caldwell Av,Residential,1973
622,0,0,Calvert,,1973
623,31,0,Cameron Av,Residential,1973
624,18,1,Canyon,Residential,1973
625,6,0,Carl,Residential,1973
626,42,0,Carlisle,Residential,1973
627,9,2,Carlsbad Place,Residential,1973
628,8,0,Carr Av,Residential,1973
629,14,2,Carson,Residential,1973
630,74,2,Cascade (North),Mixed,1973
631,81,3,Cascade (South),Mixed,1973
632,9,1,Cascade Blvd,Residential,1973
633,5,0,Cass,Mixed,1973
634,15,0,Castle,Residential,1973
635,0,0,Castle Hill Manor,,1973
636,33,0,Cecil Ave,Residential,1973
637,104,6,Cedar (North),Mixed,1973
638,36,0,Cedar (South),Residential,1973
639,14,0,Centennial,Residential,1973
640,2,0,Centennial,Residential,1973
641,2,0,Center Alley (East-West),Residential,1973
642,0,0,Central Square,,1973
643,14,0,Chapin Road,Residential,1973
644,47,0,Chartes (East-West),Mixed,1973
645,14,1,Chartes Drive,Residential,1973
646,116,8,Cherry (East-West),Mixed,1973
647,75,5,Chestnut,Mixed,1973
648,4,0,Circle Drive,Residential,1973
649,4,1,City Line,Residential,1973
650,21,0,Clarence Av,Residential,1973
651,100,3,Clayton (East-West),Mixed,1973
652,12,0,Clearview Av,Residential,1973
653,70,0,Clen-Moore Blvd,Mixed,1973
654,30,2,Clen-Moore Blvd (West),Mixed,1973
655,24,1,Cleveland Av,Residential,1973
656,16,3,Cliff,Residential,1973
657,0,0,Coaltown Road,,1973
658,15,0,Coates Av,Residential,1973
659,3,0,Cochran Way (South),Residential,1973
660,34,6,Cochran Way North),Mixed,1973
661,1,0,Colonial Drive,Residential,1973
662,7,0,Conkle Av,Residential,1973
663,0,0,Conn,,1973
664,7,0,Conner Av,Residential,1973
665,109,13,County Line,Mixed,1973
666,105,10,Court,Mixed,1973
667,1,0,Craig,Residential,1973
668,0,0,Cranbrook Drive,,1973
669,54,3,Crawford Av (North),Mixed,1973
670,30,5,Crawford Av (South),Residential,1973
671,2,0,Crawford Terrace,Residential,1973
672,10,1,Crescent Av,Residential,1973
673,38,1,Crestwood Drive,Residential,1973
674,3,0,Crocker Lane,Residential,1973
675,339,39,Croton Av,Mixed,1973
676,18,0,Crow,Residential,1973
677,12,0,Cuba,Residential,1973
678,6,4,Culbertson Place,Residential,1973
679,15,1,Cumberland Av,Residential,1973
680,79,2,Cunningham Av,Mixed,1973
681,0,0,Daniel Road,,1973
682,4,1,Darlington Av,Residential,1973
683,2,0,Davies Av,Residential,1973
684,7,0,Dean Drive,Residential,1973
685,27,0,Decker Drive,Mixed,1973
686,4,0,Decorath Lane,Residential,1973
687,148,3,Delaware Av,Residential,1973
688,21,2,Denver Av,Residential,1973
689,72,4,Dewey Av,Mixed,1973
690,1,0,Diamond (North),Residential,1973
691,3,0,Diana Drive,Residential,1973
692,6,2,Dickson,Residential,1973
693,8,3,Dillworth Av,Mixed,1973
694,84,7,Division (East-West),Mixed,1973
695,4,0,Doris,Residential,1973
696,3,0,Dougherty Road,Residential,1973
697,14,0,Duquesne Av,Residential,1973
698,51,1,Dushane,Mixed,1973
699,37,1,East,Mixed,1973
700,26,0,East Lynne,Mixed,1973
701,33,2,East Main,Mixed,1973
702,36,0,Eastbrook,Mixed,1973
703,4,2,Eddy,Residential,1973
704,101,2,Edgewood Av,Residential,1973
705,16,0,Edgewood Av (West),Residential,1973
706,61,1,Edison Av (East-West),Residential,1973
707,10,0,Eighth,Mixed,1973
708,1,0,Elder Av,Residential,1973
709,3,0,Eldogor Lane,Residential,1973
710,44,2,Electric,Residential,1973
711,112,2,Elizabeth Av (East-West),Residential,1973
712,1,0,Ellsworth Way,Residential,1973
713,0,0,Ellwood Road,,1973
714,20,5,Elm,Mixed,1973
715,38,1,Elmwood,Mixed,1973
716,20,3,Emerson Av,Residential,1973
717,8,0,Emery,Residential,1973
718,12,0,Engine House Way,Residential,1973
719,59,2,Englewood Av,Residential,1973
720,9,0,Englewood Av (West),Mixed,1973
721,45,4,English Av,Mixed,1973
722,26,2,Epworth,Residential,1973
723,15,1,Erie Av,Residential,1973
724,33,2,Etna,Residential,1973
725,117,5,Euclid Av,Mixed,1973
726,29,1,Euclid Av (West),Mixed,1973
727,16,0,Evergreen Av,Residential,1973
728,15,0,Faddis Av,Mixed,1973
729,81,0,Fairfield Av,Residential,1973
730,6,1,Fairfield Av (West),Residential,1973
731,8,0,Fairgreen Av,Residential,1973
732,16,0,Fairhill Drive,Residential,1973
733,116,3,Fairmont Av,Residential,1973
734,46,0,Fairmont Av (West),Mixed,1973
735,5,0,Fairview,Residential,1973
736,54,10,Falls (East-West),Mixed,1973
737,38,2,Falls Av,Residential,1973
738,4,0,Federal,Residential,1973
739,19,0,Fern,Residential,1973
740,37,1,Fern,Mixed,1973
741,9,0,Fernwood Lane,Residential,1973
742,5,0,Fifth,Residential,1973
743,19,0,Finch,Mixed,1973
744,2,0,First (North),Residential,1973
745,8,0,First (South),Residential,1973
746,2,1,Fleming Way,Residential,1973
747,30,3,Florence Av,Mixed,1973
748,2,0,Florence Av,Residential,1973
749,25,3,Forest,Residential,1973
750,1,0,Forestview Drive,Residential,1973
751,3,0,Fourth,Residential,1973
752,5,0,Fowler Lane,Residential,1973
753,6,1,Francis,Residential,1973
754,2,0,Francis Av,Residential,1973
755,10,1,Francis Place,Residential,1973
756,28,0,Frank Av,Mixed,1973
757,4,0,Frank Way,Mixed,1973
758,44,1,Franklin Av,Residential,1973
759,23,0,Frazier Drive,Residential,1973
760,13,1,Frew Mill Road,Mixed,1973
761,49,2,Friendship,Mixed,1973
762,5,2,Front (North),Residential,1973
763,13,3,Front (South),Residential,1973
764,13,0,Fruitland Drive,Residential,1973
765,11,2,Fulkerson,Residential,1973
766,18,1,Fulton (East-West),Residential,1973
767,1,0,Furnace,Non-Residential,1973
768,48,4,Galbreath Av,Residential,1973
769,3,0,Gardner Av,Non-Residential,1973
770,4,0,Gardner Lane,Residential,1973
771,179,6,Garfield Av (East-West),Mixed,1973
772,6,0,Gayle,Residential,1973
773,1,0,George,Non-Residential,1973
774,4,0,Gibson Av,Residential,1973
775,28,0,Gilmore,Residential,1973
776,7,0,Glass,Mixed,1973
777,6,0,Glen Av,Residential,1973
778,1,0,Glendale,Residential,1973
779,4,0,Good Av,Residential,1973
780,28,1,Graceland Road,Mixed,1973
781,7,0,Graham Av,Residential,1973
782,60,1,Grandview Av,Residential,1973
783,6,0,Grandview Av,Non-Residential,1973
784,127,20,Grant (East-West),Mixed,1973
785,36,7,Green,Residential,1973
786,15,0,Greenwood Av (North),Residential,1973
787,13,1,Greenwood Av (South),Mixed,1973
788,0,0,Grenway Road,,1973
789,23,0,Gretchen Av,Residential,1973
790,13,0,Grigsby Av,Residential,1973
791,12,1,Grimes,Residential,1973
792,11,1,Grove,Mixed,1973
793,14,1,Grove Av,Mixed,1973
794,11,0,Guadalcanal Road,Residential,1973
795,72,2,Halco Drive,Residential,1973
796,1,0,Hale,Residential,1973
797,102,9,Hamilton,Mixed,1973
798,76,0,Hanna,Residential,1973
799,35,3,Harbor,Mixed,1973
800,22,3,Harbor Road,Mixed,1973
801,17,1,Harding Av,Mixed,1973
802,33,2,Harlansburg Road,Mixed,1973
803,73,2,Harrison,Residential,1973
804,16,0,Hart,Residential,1973
805,7,0,Hartman,Residential,1973
806,12,0,Haus Av,Residential,1973
807,17,1,Hawthorne Av,Residential,1973
808,37,0,Hazel,Residential,1973
809,111,1,Hazelcroft Av,Residential,1973
810,12,0,Hazelcroft Av (West),Residential,1973
811,52,0,Hazen,Residential,1973
812,6,0,Hemlock,Residential,1973
813,17,0,Herrick Av,Residential,1973
814,36,5,High,Residential,1973
815,7,0,High,Residential,1973
816,9,0,High view drive,Residential,1973
817,322,17,Highland Av,Mixed,1973
818,3,1,Highland Place,Residential,1973
819,0,0,Hill Row,,1973
820,141,0,Hillcrest Av,Mixed,1973
821,10,0,Hillcrest Av (West),Residential,1973
822,4,0,Hobart,Mixed,1973
823,0,0,Holton,,1973
824,64,3,Home (East-West),Residential,1973
825,0,0,Homestead,,1973
826,5,0,Homestead,Residential,1973
827,0,0,Hoover Av,,1973
828,16,3,Howard Way,Mixed,1973
829,19,0,Huey,Residential,1973
830,89,0,Huron Av,Mixed,1973
831,5,1,Hutchinson,Residential,1973
832,56,0,Idlewild Drive,Residential,1973
833,6,1,Industrial,Non-Residential,1973
834,58,1,Jackson,Mixed,1973
835,109,7,Jefferson (North),Mixed,1973
836,215,12,Jefferson (South),Mixed,1973
837,29,2,John,Residential,1973
838,28,3,Johnson,Residential,1973
839,2,0,Jones,Residential,1973
840,15,1,Junior High,Mixed,1973
841,38,4,Katherine,Residential,1973
842,47,0,Kenneth Av,Residential,1973
843,15,0,Kerr,Residential,1973
844,37,4,King Av,Mixed,1973
845,0,0,King's Chapel Road,,1973
846,27,0,Know Av,Residential,1973
847,13,2,Kurtz,Residential,1973
848,5,0,Kurtz Place,Mixed,1973
849,7,1,Lacock (East-West),,1973
850,18,0,Lafayette (North),Residential,1973
851,29,3,Lafayette (South),Mixed,1973
852,11,0,Lake Drive,Residential,1973
853,18,0,Lakeview Av,Residential,1973
854,21,1,Lanewood Drive,Residential,1973
855,51,2,Lathrop,Residential,1973
856,36,0,Lattavo Drive,Residential,1973
857,45,2,Laurel Av (East-West),Residential,1973
858,54,0,Laurel Blvd,Residential,1973
859,18,1,Laurel Place,Residential,1973
860,17,1,Lawnview Av,Residential,1973
861,1,0,Lawrence (East),Non-Residential,1973
862,173,4,Leasure Av (East-West),Mixed,1973
863,28,1,Lee Av (North),Residential,1973
864,35,1,Lee Av (South),Residential,1973
865,162,19,Liberty (North),Mixed,1973
866,35,5,Liberty (South),Mixed,1973
867,8,0,Lilac Road,Residential,1973
868,138,9,Lincoln Av (East-West),Mixed,1973
869,6,1,Linden,Residential,1973
870,4,0,Line Road,Residential,1973
871,52,2,Locust,Mixed,1973
872,1,0,Locust Lane Drive,Residential,1973
873,8,0,Logan,Residential,1973
874,263,67,Long Av (East-West),Mixed,1973
875,39,6,Loraine Av,Residential,1973
876,3,0,Lowry,Residential,1973
877,11,0,Ludwig Road,Mixed,1973
878,141,5,Lutton (East-West),Mixed,1973
879,56,6,Lyndall,Mixed,1973
880,14,0,Mabel,Residential,1973
881,104,5,Madison Av (East-West),Mixed,1973
882,1,0,Madonna Cemetary Road,Non-Residential,1973
883,11,0,Magee,Residential,1973
884,38,6,Mahoning Av,Mixed,1973
885,0,0,Main,,1973
886,19,0,Maitland,Mixed,1973
887,111,1,Maitland Lane (East-West),Mixed,1973
888,10,0,Manor Av,Residential,1973
889,24,0,Mapeat Lane,Residential,1973
890,14,1,Maple,Mixed,1973
891,4,0,Maple (East-West),Mixed,1973
892,15,1,Maple Drive,Mixed,1973
893,2,0,Margaret,Non-Residential,1973
894,4,0,Marie Drive,Residential,1973
895,0,0,Marion Court,,1973
896,3,1,Market Way (East),Mixed,1973
897,49,0,Marshall,Residential,1973
898,5,0,Marshall,Residential,1973
899,43,0,Martha,Residential,1973
900,35,4,Martin,Residential,1973
901,18,4,Martin Luther King Village,Residential,1973
902,75,0,Maryland Av,Residential,1973
903,35,1,Matilda Av,Mixed,1973
904,10,0,McCarty Lane,Residential,1973
905,5,1,McClain Av,Residential,1973
906,19,2,McCleary Av,Residential,1973
907,38,1,McClelland Av,Residential,1973
908,0,0,McCracken Drive,,1973
909,0,0,McCready Place,,1973
910,30,1,McGrath Av,Residential,1973
911,1,0,McKinley,Non-Residential,1973
912,2,0,Meadow,Residential,1973
913,11,0,Meadowbrook Drive,Residential,1973
914,3,0,Mechanic,Non-Residential,1973
915,13,1,Meegan Av,Residential,1973
916,8,0,Melrose Av,Residential,1973
917,10,0,Melvin Drive,Residential,1973
918,298,19,Mercer (North),Mixed,1973
919,84,3,Mercer (South),Mixed,1973
920,1,0,Mercer Extension (North),Residential,1973
921,123,8,Mercer Road,Mixed,1973
922,103,1,Meyer Av,Mixed,1973
923,42,1,Meyer Av (West),Residential,1973
924,3,0,Midway Island Circle,Residential,1973
925,134,14,Mill (North),Mixed,1973
926,236,62,Mill (South),Mixed,1973
927,37,0,Miller (East-West),Mixed,1973
928,41,1,Miller Av,Residential,1973
929,0,0,Miller Road,,1973
930,20,1,Miller Road (South),Residential,1973
931,19,2,Mills Way,Residential,1973
932,23,2,Milton,Residential,1973
933,0,0,Milton Way,,1973
934,26,0,Mission Meade Drive,Residential,1973
935,0,0,Mitchell,,1973
936,18,0,Monroe,Residential,1973
937,38,1,Montgomery Av,Mixed,1973
938,303,11,Moody Ave (East-West),Mixed,1973
939,31,4,Moore Ave,Residential,1973
940,153,19,Moravia,Mixed,1973
941,14,0,Morehead Av,Residential,1973
942,85,3,Morris,Mixed,1973
943,59,2,Morton,Mixed,1973
944,19,0,Motor,Mixed,1973
945,12,0,MtPleasant,Residential,1973
946,25,2,Mulberry (North),Residential,1973
947,17,2,Mulberry (South),Residential,1973
948,4,0,Mustang Av,Residential,1973
949,13,0,National,Residential,1973
950,26,3,Neal,Mixed,1973
951,4,1,Nemo,Residential,1973
952,0,0,Nesbitt Av,,1973
953,3,1,Neshannock Av,Non-Residential,1973
954,53,1,Neshannock Blvd,Mixed,1973
955,14,1,New Butler Road,Mixed,1973
956,18,2,Newell Av,Mixed,1973
957,0,0,Norris Way (North),,1973
958,151,20,North (East-West),Mixed,1973
959,89,0,Northview Av,Residential,1973
960,10,0,Northview Av,Residential,1973
961,51,1,Northview Av (West),Residential,1973
962,61,2,Norwood Av,Residential,1973
963,1,0,Nutt,Non-Residential,1973
964,2,0,O'Brien Av,Residential,1973
965,62,6,Oak,Residential,1973
966,12,0,Oak Park Lane,Residential,1973
967,13,1,Oakland Av,Mixed,1973
968,26,0,Oakwood Av,Residential,1973
969,49,0,Oakwood Way (East-West),Mixed,1973
970,25,0,Okinawa Drive,Residential,1973
971,0,0,Old Butler Road,,1973
972,8,1,Old Long Av,Residential,1973
973,39,0,Old Pittsburgh Road,Mixed,1973
974,56,2,Old Plank Road,Mixed,1973
975,16,0,Old Princeton Road,Residential,1973
976,4,1,Orchard (East-West),Residential,1973
977,14,2,Orchard Way,Residential,1973
978,14,0,Orlando Av,Residential,1973
979,1,0,Osage,Residential,1973
980,149,2,Park Av,Mixed,1973
981,8,0,Park Lane,Residential,1973
982,32,0,Parkwood Court,Residential,1973
983,9,2,Patterson Av,Residential,1973
984,14,0,Paul,Mixed,1973
985,21,0,Pearl,Residential,1973
986,12,0,Pearl (West),Residential,1973
987,88,4,Pearson,Mixed,1973
988,2,0,Pearson Mill Road,Residential,1973
989,107,11,Pennsylvania Av,Mixed,1973
990,7,1,Pennsylvania Av Ext,Mixed,1973
991,27,2,Phillips,Mixed,1973
992,8,1,Phillips Place,Residential,1973
993,73,0,Pin Oak Drive,Residential,1973
994,60,4,Pine,Residential,1973
995,13,0,Pinehurst Drive,Residential,1973
996,0,0,Plum,,1973
997,3,0,Point Place,Residential,1973
998,59,2,Pollock Av,Mixed,1973
999,6,1,Poplar,Residential,1973
1000,8,4,Porter,Residential,1973
1001,1,0,Power,Non-Residential,1973
1002,0,1,Preston Av,,1973
1003,9,2,Produce,Mixed,1973
1004,15,0,Prospect,Residential,1973
1005,56,2,Pulaski Road,Mixed,1973
1006,0,0,Quay,,1973
1007,4,0,Quest,Residential,1973
1008,2,0,Rabbit Av,Residential,1973
1009,0,0,Race (East),,1973
1010,47,0,Randolph,Residential,1973
1011,9,1,Ranney Av (East-West),Mixed,1973
1012,52,1,Ray (North),Residential,1973
1013,105,5,Ray (South),Mixed,1973
1014,25,0,Raymond,Residential,1973
1015,14,1,Rebecca,Mixed,1973
1016,5,0,Rebecca Way,Mixed,1973
1017,0,0,Reiber,,1973
1018,28,0,Reis,Mixed,1973
1019,133,13,Reynolds (East-West),Mixed,1973
1020,11,1,Rhodes Place,Mixed,1973
1021,31,2,Richelieu Av,Residential,1973
1022,9,2,Richview Drive,Residential,1973
1023,7,0,Ridge,Residential,1973
1024,1,0,Ridge Av,Non-Residential,1973
1025,10,1,Ridge Av,Residential,1973
1026,13,1,Ridgelawn Av,Residential,1973
1027,37,0,Ridgewood Court (East-West),Residential,1973
1028,11,0,Ridgewood Court (South),Residential,1973
1029,6,1,Ridgewood Drive,Mixed,1973
1030,1,0,Rigby,Residential,1973
1031,13,2,Riverview Av,Residential,1973
1032,9,2,Robinson,Residential,1973
1033,2,0,Robinson Lane,Residential,1973
1034,14,0,Robinwood,Residential,1973
1035,0,0,Rock Av,,1973
1036,26,0,Roosevelt,Mixed,1973
1037,76,0,Rose Av,Mixed,1973
1038,8,0,Rosedale,Residential,1973
1039,7,1,Round (North),Residential,1973
1040,21,1,Round (South),Residential,1973
1041,12,0,Roy Drive,Residential,1973
1042,7,0,Rutgers Drive,Residential,1973
1043,25,0,Ruth,Residential,1973
1044,46,2,Ryan Av,Residential,1973
1045,68,6,Sampson,Mixed,1973
1046,7,2,Sankey,Residential,1973
1047,9,0,Sankey Lane,Residential,1973
1048,29,0,Savannah Road,Residential,1973
1049,24,0,Schenley Av,Residential,1973
1050,2,0,Schley (North),Residential,1973
1051,0,0,Schley (South),,1973
1052,1,0,School,Residential,1973
1053,32,6,Scioto,Residential,1973
1054,61,0,Scotland Lane (North),Residential,1973
1055,40,0,Scotland Lane (South),Mixed,1973
1056,31,0,Scott (North),Residential,1973
1057,12,0,Scott (South),Residential,1973
1058,5,1,Second,Residential,1973
1059,0,0,Sennett,Residential,1973
1060,8,0,Service,Mixed,1973
1061,18,1,Seventh,Residential,1973
1062,28,0,Shady Side,Mixed,1973
1063,26,0,Shadylane Drive (East-West),Residential,1973
1064,7,0,Shadylane Drive (North),Residential,1973
1065,16,1,Sharp (East-West),Residential,1973
1066,48,5,Shaw,Residential,1973
1067,6,0,Sheets,Residential,1973
1068,34,1,Shenango (North),Mixed,1973
1069,53,5,Shenango Road,Residential,1973
1070,158,4,Sheridan Av (East-West),Mixed,1973
1071,0,0,Sherman,,1973
1072,2,0,Shira,Residential,1973
1073,1,0,Short,Residential,1973
1074,11,0,Sixth,Residential,1973
1075,3,0,Slate,Residential,1973
1076,7,0,Smith,Residential,1973
1077,4,0,Smith Lane,Residential,1973
1078,99,3,Smithfield,Mixed,1973
1079,3,0,South (East-West),Non-Residential,1973
1080,0,0,South New Castle Burough,,1973
1081,6,0,Southview Av,Residential,1973
1082,9,1,Spiner Av,Residential,1973
1083,22,1,Spring,Residential,1973
1084,16,0,Spring Garden Av,Residential,1973
1085,47,4,Spruce,Residential,1973
1086,15,0,Stanton Av,Mixed,1973
1087,5,1,Stanton Av,Residential,1973
1088,150,12,State,Mixed,1973
1089,16,0,Steinbrink,Residential,1973
1090,0,0,Stewart,,1973
1091,6,0,Stewart Place,Residential,1973
1092,25,0,Summit,Residential,1973
1093,21,0,Summit View Drive,Mixed,1973
1094,82,0,Sumner Av,Residential,1973
1095,35,1,Sunny Av,Residential,1973
1096,20,1,Sunset Drive,Residential,1973
1097,2,0,Sunset Drive (East),Residential,1973
1098,43,2,Superior,Mixed,1973
1099,2,0,Swansea Av (East-West),Mixed,1973
1100,0,0,Swansea Av (South),,1973
1101,21,1,Sycamore,Residential,1973
1102,2,0,Sycamore (East-West),Non-Residential,1973
1103,6,0,Syling,Residential,1973
1104,52,3,Taylor,Mixed,1973
1105,21,0,Tempalena Av (East-West),Residential,1973
1106,31,0,Temple Av,Residential,1973
1107,51,5,Terrace Av (East-West),Mixed,1973
1108,2,0,Third,Residential,1973
1109,22,0,Thornhill Drive,Residential,1973
1110,26,0,Thorpe,Residential,1973
1111,34,3,Town Mall,Non-Residential,1973
1112,5,0,Tremont,Residential,1973
1113,8,1,Treser Av (East-West),Residential,1973
1114,2,0,Tucker Way,Residential,1973
1115,7,0,Tulagi Way,Residential,1973
1116,19,2,Uber Av,Residential,1973
1117,15,0,Underwood,Residential,1973
1118,2,0,Union,Residential,1973
1119,3,0,Union Av,Residential,1973
1120,14,0,Upland Drive,Residential,1973
1121,1,0,Valentine,Non-Residential,1973
1122,3,0,Valley,Residential,1973
1123,0,0,Vesta,,1973
1124,56,3,Vine (North),Mixed,1973
1125,8,0,Vine (South),Residential,1973
1126,0,0,Virginia Av,,1973
1127,50,0,Vogan Av,Mixed,1973
1128,45,3,Wabash Av (East-West),Residential,1973
1129,55,4,Waldo,Residential,1973
1130,0,0,Walker,,1973
1131,151,3,Wallace Av (East-West),Mixed,1973
1132,6,0,Walls,Residential,1973
1133,0,0,Walmo,,1973
1134,0,0,Walmo-Eastbrook Road,,1973
1135,46,2,Walnut (North),Residential,1973
1136,69,10,Walnut (South),Residential,1973
1137,14,0,Walter,Residential,1973
1138,7,1,Warner Alley,Residential,1973
1139,66,1,Warner Av,Residential,1973
1140,726,103,Washington (East),Mixed,1973
1141,238,19,Washington (West),Mixed,1973
1142,3,0,Water,Mixed,1973
1143,15,0,Wayne (North),Residential,1973
1144,19,2,Wayne (South),Residential,1973
1145,7,0,Weaver,Residential,1973
1146,0,0,Weinberg,,1973
1147,4,0,Wellsley,Residential,1973
1148,4,1,West Av,Mixed,1973
1149,12,1,West Park Way,Residential,1973
1150,15,3,West Pittsburgh Road,Mixed,1973
1151,19,1,Whippo,Residential,1973
1152,3,0,White,Non-Residential,1973
1153,10,0,Whitehill Drive,Residential,1973
1154,0,0,Whitney Av,,1973
1155,10,0,Wick,Residential,1973
1156,11,0,Wilder,Residential,1973
1157,23,0,Wildwood Av,Residential,1973
1158,2,0,Willard Av,Residential,1973
1159,4,0,Williams,Residential,1973
1160,32,0,Williams,Residential,1973
1161,37,0,Willowbrook Road,Residential,1973
1162,56,2,Willowhurst Circle,Mixed,1973
1163,387,3,Wilmington Av,Mixed,1973
1164,52,1,Wilson Av,Mixed,1973
1165,2,0,Wilson Drive,Mixed,1973
1166,10,2,Wilson Road,Mixed,1973
1167,60,0,Winslow,Residential ,1973
1168,104,3,Winter Av (East-West),Mixed,1973
1169,2,0,Wolfe,Residential ,1973
1170,1,1,Wood,Residential ,1973
1171,1,1,Wood Av,Residential ,1973
1172,8,0,Woodland Av,Residential ,1973
1173,6,0,Woodland Drive,Residential ,1973
1174,7,0,Woodrow,Residential ,1973
1175,6,0,Woods,Residential ,1973
1176,16,0,Wooley,Residential ,1973
1177,43,0,Worthington Av (West),Residential ,1973
1178,4,2,Yoho,Residential ,1973
1179,24,0,Young,Residential ,1973
