Year,Street,Number of Entities,Number of Vacant,Type
1952,Acorn,9,0,Residential
1952,Adams,110,1,Mixed
1952,Addis,23,3,Residential
1952,Adella,1,0,Residential
1952,Agnew,30,0,Residential
1952,Albert,44,0,Mixed
1952,Alborn Av,21,2,Mixed
1952,Alborn Mill Road,0,0,
1952,Allegheny Av,27,2,Residential
1952,Allen,30,0,Mixed
1952,Almira,14,0,Residential
1952,Alvaretta Blvd,6,3,Residential
1952,Andrew,4,0,Residential
1952,Ann,3,0,Residential
1952,Appleway (North),9,0,Mixed
1952,Appleway (South),7,1,Mixed
1952,Arch (East),1,0,Residential
1952,Arlington Av,70,0,Residential
1952,Ashland Av (North),54,2,Mixed
1952,Ashland Av (South),26,1,Residential
1952,Atkinson,16,0,Residential
1952,Atlantic Av,53,1,Mixed
1952,Auburn Av,0,0,
1952,Audley,37,15,Residential
1952,Balph Av (East-West),35,0,Residential
1952,Barbour Place,11,0,Residential
1952,Bartram Av,24,0,Residential
1952,Beatty Av,4,0,Residential
1952,Beaver (North),80,4,Mixed
1952,Beaver (South),62,4,Mixed
1952,Becker Av,9,0,Residential
1952,Beckford,119,2,Mixed
1952,Beech,5,0,Residential
1952,Beechwood Way,1,0,Residential
1952,Bell Av,46,3,Residential
1952,Belmont,2,0,Residential
1952,Berger,14,0,Residential
1952,Berger Place,9,0,Residential
1952,Big Run (East-West),16,0,Residential
1952,Birt Av,2,0,Residential
1952,Blaine,48,1,Mixed
1952,Blanchard,4,0,Residential
1952,Bleakley Av,16,0,Mixed
1952,Bluff,41,1,Residential
1952,Blunston Av,10,0,Residential
1952,Bolt,5,0,Residential
1952,Bonzo,10,0,Residential
1952,Borough Line,18,0,Residential
1952,Boston Av,30,0,Residential
1952,Boyles Av,102,3,Mixed
1952,Bradner Av,4,0,Residential
1952,Brentwood,15,0,Residential
1952,Brinton Av,7,0,Residential
1952,Brooklyn Av,24,0,Residential
1952,Buena Vista Way,35,1,Residential
1952,Burke,4,0,Residential
1952,Burns,5,0,Residential
1952,Butler Av,211,1,Mixed
1952,Butz Av,15,0,Residential
1952,Byers Av (East-West),4,2,Residential
1952,Caldwell Av,5,0,Residential
1952,Calvert,0,0,
1952,Cameron Av,15,0,Residential
1952,Canyon,17,0,Residential
1952,Carl,7,0,Residential
1952,Carlisle,43,2,Residential
1952,Carlsbad Place,6,0,Residential
1952,Carr Av,8,0,Residential
1952,Carson,16,0,Residential
1952,Cascade (North),58,2,Mixed
1952,Cascade (South),50,2,Mixed
1952,Cascade Blvd,14,0,Mixed
1952,Cass,5,0,Mixed
1952,Castle,7,0,Residential
1952,Castle Hill Manor,0,0,
1952,Cecil Ave,28,0,Residential
1952,Cedar (North),128,3,Mixed
1952,Cedar (South),37,0,Residential
1952,Centennial,14,0,Residential
1952,Center Alley (East-West),18,0,Residential
1952,Central Square,0,0,
1952,Chartes (East-West),49,0,Mixed
1952,Cherry (East-West),117,5,Mixed
1952,Chestnut,81,0,Residential
1952,City Line,3,0,Residential
1952,Clarence Av,16,0,Residential
1952,Clayton (East-West),99,2,Mixed
1952,Clearview Av,11,0,Mixed
1952,Clen-Moore Blvd,59,0,Mixed
1952,Clen-Moore Blvd (West),27,2,Residential
1952,Cleveland Av,30,0,Residential
1952,Cliff,20,0,Residential
1952,Coates Av,8,0,Residential
1952,Conkle Av,7,0,Residential
1952,Conn,0,0,
1952,Conner Av,5,1,Residential
1952,County Line,118,4,Mixed
1952,Court,128,4,Mixed
1952,Craig,3,0,Residential
1952,Crawford Av (North),67,1,Mixed
1952,Crawford Av (South),34,0,Residential
1952,Crawford Terrace,2,0,Residential
1952,Crescent Av,9,0,Residential
1952,Croton Av,439,14,Mixed
1952,Crow,10,0,Residential
1952,Cuba,24,18,Residential
1952,Culbertson Place,5,0,Residential
1952,Cumberland Av,17,0,Residential
1952,Cunningham Av,89,0,Mixed
1952,Darlington Av,4,0,Residential
1952,Decker Drive,2,2,
1952,Delaware Av,148,2,Residential
1952,Denver Av,21,0,Residential
1952,Dewey Av,69,2,Residential
1952,Diamond (North),10,1,Residential
1952,Dickson,6,0,Residential
1952,Dillworth Av,8,0,Residential
1952,Division (East-West),79,3,Mixed
1952,Duquesne Av,13,0,Residential
1952,Dushane,52,0,Residential
1952,East,75,7,Mixed
1952,East Main,35,0,Residential
1952,Eastbrook,29,0,Mixed
1952,Eddy,4,0,Residential
1952,Edgewood Av,80,3,Residential
1952,Edgewood Av (West),12,1,Residential
1952,Edison Av (East-West),60,1,Residential
1952,Eighth,9,1,Mixed
1952,Electric,50,0,Residential
1952,Elizabeth Av (East-West),59,4,Residential
1952,Ellsworth Way,2,0,Residential
1952,Elm,26,1,Mixed
1952,Elmwood,44,0,Residential
1952,Emerson Av,20,0,Residential
1952,Emery,9,0,Mixed
1952,Englewood Av,59,1,Residential
1952,English Av,47,1,Mixed
1952,Epworth,30,1,Residential
1952,Erie Av,16,0,Mixed
1952,Etna,31,1,Residential
1952,Euclid Av,115,4,Mixed
1952,Euclid Av (West),26,2,Mixed
1952,Fairfield Av,77,2,Residential
1952,Fairmont Av,92,3,Residential
1952,Fairmont Av (West),31,3,Mixed
1952,Fairview,5,1,Residential
1952,Falls (East-West),85,5,Mixed
1952,Federal,3,0,Residential
1952,Fern,56,0,Mixed
1952,Fifth,2,0,Residential
1952,Finch,20,1,Residential
1952,First (North),2,0,Residential
1952,First (South),8,0,Residential
1952,Fleming Way,2,0,Residential
1952,Florence Av,28,0,Mixed
1952,Forest,27,2,Residential
1952,Fourth,3,0,Residential
1952,Francis,6,0,Residential
1952,Francis Av,1,0,Residential
1952,Francis Place,11,0,Residential
1952,Frank Av,19,0,Mixed
1952,Frank Way,6,0,Mixed
1952,Franklin Av,43,1,Mixed
1952,Frazier Drive,14,3,Residential
1952,Friendship,50,1,Residential
1952,Front (North),12,2,Residential
1952,Front (South),18,1,Residential
1952,Fulkerson,14,0,Residential
1952,Fulton (East-West),24,2,Residential
1952,Furnace,1,0,Non-Residential
1952,Galbreath Av,52,0,Mixed
1952,Gardner Av,7,0,Mixed
1952,Gardner Lane,3,1,Residential
1952,Garfield Av (East-West),176,2,Mixed
1952,George,0,0,
1952,Gibson Av,4,0,Residential
1952,Gilmore,22,0,Mixed
1952,Glass,7,0,Mixed
1952,Glen Av,6,0,Residential
1952,Good Av,5,0,Residential
1952,Graceland Road,25,0,Mixed
1952,Grandview Av,47,4,Mixed
1952,Green,30,1,Mixed
1952,Greenwood Av (North),14,0,Residential
1952,Greenwood Av (South),15,0,Mixed
1952,Gretchen Av,14,0,Residential
1952,Grigsby Av,8,0,Residential
1952,Grimes,11,0,Mixed
1952,Grove,13,1,Mixed
1952,Grove Av,7,1,Residential
1952,Guadalcanal Road,6,0,Residential
1952,Hale,1,0,Residential
1952,Hamilton,112,3,Residential
1952,Hanna,73,0,Mixed
1952,Harbor,41,1,Mixed
1952,Harbor Road,20,1,Mixed
1952,Harding Av,12,0,Mixed
1952,Harrison,77,0,Mixed
1952,Hart,14,2,Residential
1952,Hartman,9,0,Residential
1952,Haus Av,11,1,Residential
1952,Hawthorne Av,16,0,Residential
1952,Hazel,29,0,Residential
1952,Hazelcroft Av,83,5,Mixed
1952,Hazen,26,0,Residential
1952,Hemlock,6,0,Residential
1952,Herrick Av,3,2,Residential
1952,High,45,0,Residential
1952,Highland Av,318,10,Mixed
1952,Highland Place,5,0,Residential
1952,Hill Row,5,0,Residential
1952,Hillcrest Av,122,6,Mixed
1952,Hillcrest Av (West),4,3,Residential
1952,Hobart,3,0,Non-Residential
1952,Holton,10,0,Residential
1952,Home (East-West),77,3,Mixed
1952,Homestead,9,0,Mixed
1952,Hoover Av,0,0,
1952,Howard Way,22,0,Mixed
1952,Huey,20,0,Residential
1952,Huron Av,89,0,Residential
1952,Idlewild Drive,3,3,
1952,Industrial,3,0,Non-Residential
1952,Jackson,43,1,Mixed
1952,Jefferson (North),123,4,Mixed
1952,Jefferson (South),388,15,Mixed
1952,John,26,1,Residential
1952,Johnson,13,0,Residential
1952,Jones,2,0,Residential
1952,Junior High,18,0,Mixed
1952,Katherine,40,1,Residential
1952,Kenneth Av,36,3,Residential
1952,Kerr,16,2,Residential
1952,King Av,40,0,Residential
1952,King's Chapel Road,0,0,
1952,Kurtz,16,0,Residential
1952,Kurtz Place,4,0,Mixed
1952,Lacock (East-West),6,0,Mixed
1952,Lafayette (North),18,0,Mixed
1952,Lafayette (South),27,1,Mixed
1952,Lakeview Av,7,7,
1952,Lathrop,49,0,Residential
1952,Laurel Av (East-West),51,3,Mixed
1952,Laurel Blvd,52,2,Residential
1952,Laurel Place,10,0,Residential
1952,Leasure Av (East-West),153,3,Residential
1952,Lee Av (North),30,0,Residential
1952,Lee Av (South),30,2,Residential
1952,Liberty (North),186,7,Mixed
1952,Liberty (South),42,2,Mixed
1952,Lincoln Av (East-West),122,13,Mixed
1952,Linden,0,0,
1952,Locust,43,1,Mixed
1952,Logan,8,0,Residential
1952,Long Av (East-West),340,16,Mixed
1952,Loraine Av,40,1,Residential
1952,Lowry,6,0,Residential
1952,Ludwig Road,8,0,Mixed
1952,Lutton (East-West),153,1,Residential
1952,Mabel,14,1,Residential
1952,Madison Av (East-West),104,0,Mixed
1952,Magee,10,0,Residential
1952,Mahoning Av,58,1,Mixed
1952,Main,0,0,
1952,Maitland,26,1,Mixed
1952,Manor Av,2,0,Residential
1952,Maple,16,0,Mixed
1952,Maple (East-West),5,1,Mixed
1952,Maple Drive,12,0,Residential
1952,Margaret,1,0,Non-Residential
1952,Marion Court,2,0,Residential
1952,Marshall,53,0,Mixed
1952,Martha,49,2,Mixed
1952,Maryland Av,81,3,Residential
1952,Matilda Av,33,0,Mixed
1952,McCarty Lane,3,0,Residential
1952,McClain Av,4,0,Residential
1952,McCleary Av,15,0,Mixed
1952,McClelland Av,35,1,Residential
1952,McCready Place,6,0,Residential
1952,McKinley,1,0,Non-Residential
1952,Meadow,2,0,Residential
1952,Mechanic,4,1,Non-Residential
1952,Meegan Av,6,0,Residential
1952,Melrose Av,5,1,Residential
1952,Mercer (North),349,19,Mixed
1952,Mercer (South),105,4,Mixed
1952,Meyer Av,91,1,Mixed
1952,Meyer Av (West),31,1,Residential
1952,Midway Island Circle,0,0,
1952,Mill (North),175,6,Mixed
1952,Mill (South),282,14,Mixed
1952,Miller (East-West),43,0,Mixed
1952,Miller Av,34,0,Mixed
1952,Miller Road,0,0,
1952,Miller Road (South),2,1,Residential
1952,Mills Way,16,0,Residential
1952,Milton,40,1,Residential
1952,Monroe,21,1,Residential
1952,Montgomery Av,41,1,Residential
1952,Moody Ave (East-West),144,3,Mixed
1952,Moore Ave,23,0,Residential
1952,Moravia,201,9,Mixed
1952,Morehead Av,13,0,Residential
1952,Morris,77,0,Mixed
1952,Morton,70,0,Mixed
1952,Motor,15,0,Residential
1952,MtPleasant,10,0,Mixed
1952,Mulberry (North),26,0,Residential
1952,Mulberry (South),20,0,Residential
1952,National,13,0,Residential
1952,Neal,27,0,Mixed
1952,Nemo,7,0,Mixed
1952,Neshannock Av,245,8,Mixed
1952,Neshannock Blvd,47,1,Mixed
1952,Newell Av,34,0,Mixed
1952,North (East-West),275,9,Mixed
1952,Northview Av,91,0,Mixed
1952,Northview Av (West),37,3,Residential
1952,Norwood Av,56,0,Residential
1952,Nutt,1,0,Non-Residential
1952,O'Brien Av,12,0,Residential
1952,Oak,67,0,Mixed
1952,Oakland Av,19,0,Mixed
1952,Oakwood Av,22,0,Residential
1952,Okinawa Drive,9,0,Residential
1952,Old Butler Road,0,0,
1952,Old Long Av,8,0,Residential
1952,Old Pittsburgh Road,25,1,Mixed
1952,Old Plank Road,39,3,Residential
1952,Orchard (East-West),4,0,Residential
1952,Orchard Way,11,0,Residential
1952,Orlando Av,11,0,Residential
1952,Osage,2,0,Residential
1952,Park Av,146,1,Mixed
1952,Park Lane,3,0,Residential
1952,Patterson Av,10,0,Residential
1952,Paul,3,0,Residential
1952,Pearl,21,0,Residential
1952,Pearl (West),3,2,Residential
1952,Pearson,126,2,Mixed
1952,Pearson Mill Road,2,0,Residential
1952,Pennsylvania Av,116,2,Residential
1952,Pennsylvania Av Ext,11,0,Residential
1952,Phillips,25,1,Residential
1952,Phillips Place,10,0,Residential
1952,Pine,67,0,Residential
1952,Plum,0,0,
1952,Point Place,3,0,Residential
1952,Pollock Av,62,1,Mixed
1952,Poplar,6,0,Residential
1952,Porter,8,0,Residential
1952,Power,8,1,Mixed
1952,Preston Av,15,0,Mixed
1952,Produce,17,1,Mixed
1952,Prospect,13,0,Residential
1952,Pulaski Road,43,1,Residential
1952,Quay,0,0,
1952,Quest,34,2,Mixed
1952,Rabbit Av,4,1,Residential
1952,Randolph,45,0,Residential
1952,Ranney Av (East-West),12,0,Residential
1952,Ray (North),54,0,Mixed
1952,Ray (South),105,0,Mixed
1952,Raymond,29,1,Mixed
1952,Rebecca,15,2,Mixed
1952,Rebecca Way,10,0,Mixed
1952,Reiber,2,0,Residential
1952,Reis,14,0,Mixed
1952,Reynolds (East-West),154,2,Mixed
1952,Rhodes Place,9,3,Residential
1952,Richelieu Av,32,1,Residential
1952,Ridge,8,0,Residential
1952,Ridge Av,11,0,Mixed
1952,Rigby,5,0,Residential
1952,Riverview Av,16,0,Mixed
1952,Robinson,13,0,Residential
1952,Robinson Lane,3,0,Residential
1952,Robinwood,14,0,Residential
1952,Rock Av,0,0,
1952,Roosevelt,13,0,Residential
1952,Rose Av,71,1,Mixed
1952,Rosedale,8,1,Residential
1952,Round (North),7,0,Mixed
1952,Round (South),17,0,Residential
1952,Roy Drive,6,2,Residential
1952,Ryan Av,41,2,Residential
1952,Sampson,84,7,Mixed
1952,Sankey,13,0,Residential
1952,Savannah Road,11,0,Residential
1952,School,3,0,Residential
1952,Scioto,53,1,Mixed
1952,Scott (North),29,0,Residential
1952,Scott (South),10,0,Residential
1952,Second,4,0,Residential
1952,Service,7,1,Residential
1952,Seventh,3,0,Residential
1952,Shady Side,38,0,Residential
1952,Sharp (East-West),15,0,Residential
1952,Shaw,49,0,Residential
1952,Sheets,6,0,Residential
1952,Shenango (North),39,0,Mixed
1952,Sheridan Av (East-West),138,0,Residential
1952,Sherman,1,0,Non-Residential
1952,Shira,2,0,Residential
1952,Short,3,0,Residential
1952,Sixth,10,0,Residential
1952,Slate,5,0,Residential
1952,Smith,7,0,Residential
1952,Smithfield,97,1,Mixed
1952,South (East-West),32,2,Mixed
1952,South New Castle Burough,0,0,
1952,Southview Av,5,0,Residential
1952,Spring,22,1,Residential
1952,Spruce,54,2,Mixed
1952,Stanton Av,17,1,Mixed
1952,State,169,3,Mixed
1952,Stewart,1,0,Residential
1952,Stewart Place,6,0,Residential
1952,Summit,22,0,Residential
1952,Sunny Av,8,1,Residential
1952,Superior,56,2,Residential
1952,Swansea Av (East-West),2,0,Residential
1952,Swansea Av (South),0,0,
1952,Sycamore,21,1,Residential
1952,Sycamore (East-West),6,0,Mixed
1952,Syling,6,0,Residential
1952,Taylor,47,1,Mixed
1952,Temple Av,31,0,Residential
1952,Terrace Av (East-West),54,0,Mixed
1952,Third,2,0,Residential
1952,Thorpe,25,2,Residential
1952,Tremont,3,0,Residential
1952,Treser Av (East-West),10,0,Residential
1952,Tucker Way,2,0,Residential
1952,Tulagi Way,6,0,Residential
1952,Uber Av,20,0,Residential
1952,Underwood,16,0,Residential
1952,Union,2,0,Residential
1952,Union Av,2,0,Residential
1952,Valentine,1,0,Non-Residential
1952,Valley,5,0,Residential
1952,Vesta,0,0,
1952,Vine (North),37,0,Mixed
1952,Vine (South),11,0,Mixed
1952,Vogan Av,34,1,Mixed
1952,Wabash Av (East-West),50,1,Residential
1952,Waldo,55,0,Residential
1952,Walker,0,0,
1952,Wallace Av (East-West),174,4,Mixed
1952,Walls,6,0,Residential
1952,Walmo,0,0,
1952,Walmo-Eastbrook Road,0,0,
1952,Walnut (North),59,2,Residential
1952,Walnut (South),61,4,Mixed
1952,Walter,13,0,Residential
1952,Warner Alley,6,0,Residential
1952,Warner Av,39,2,Mixed
1952,Washington (East),898,25,Mixed
1952,Washington (West),375,9,Mixed
1952,Water,6,0,Mixed
1952,Wayne (North),15,0,Residential
1952,Wayne (South),18,0,Residential
1952,Weaver,12,1,Residential
1952,Weinberg,3,0,Residential
1952,Wellsley,2,0,Residential
1952,West Av,5,0,Residential
1952,West Park Way,17,1,Residential
1952,West Pittsburgh Road,0,0,
1952,Whippo,21,1,Residential
1952,White,4,0,Mixed
1952,Whitney Av,0,0,
1952,Wick,10,0,Residential
1952,Wildwood Av,24,0,Residential
1952,Willard Av,5,0,Residential
1952,Williams,32,0,Residential
1952,Willowbrook Road,31,4,Residential
1952,Wilmington Av,276,8,Mixed
1952,Wilson Av,58,1,Mixed
1952,Wilson Road,0,0,
1952,Winslow,63,0,Mixed
1952,Winter Av (East-West),119,6,Mixed
1952,Wolfe,10,1,Residential
1952,Wood,12,1,Residential
1952,Wood Av,0,0,
1952,Woodland Av,9,0,Residential
1952,Woodland Drive,4,0,Residential
1952,Woodrow,4,1,Residential
1952,Woods,9,0,Residential
1952,Wooley,18,0,Residential
1952,Worthington Av (West),42,3,Residential
1952,Yoho,7,1,Residential
1952,Young,36,0,Mixed
