Street,Number of Entities in 1952,Number of Vacant in 1952,Type in 1952,Number of Entities in 1973,Number of Vacant in 1973,Type in 1973
Acorn,9,0,Residential,12,0,Residential
Adams,110,1,Mixed,105,0,Mixed
Addis,23,3,Residential,32,2,Residential
Adella,1,0,Residential,1,0,Residential
Agnew,30,0,Residential,29,1,Residential
Albert,44,0,Mixed,47,2,Mixed
Alborn Av,21,2,Mixed,14,1,Residential
Alborn Mill Road,0,0,,0,0,
Allegheny Av,27,2,Residential,33,0,Residential
Allen,30,0,Mixed,24,2,Mixed
Almira,14,0,Residential,16,1,Residential
Alvaretta Blvd,6,3,Residential,9,0,Residential
Andrew,4,0,Residential,5,0,Residential
Ann,3,0,Residential,3,0,Residential
Appleway (North),9,0,Mixed,7,0,Non-Residential
Appleway (South),7,1,Mixed,3,1,Mixed
Arch (East),1,0,Residential,1,0,Residential
Arlington Av,70,0,Residential,68,5,Mixed
Ashland Av (North),54,2,Mixed,54,0,Residential
Ashland Av (South),26,1,Residential,19,1,Mixed
Atkinson,16,0,Residential,19,1,Residential
Atlantic Av,53,1,Mixed,44,5,Mixed
Auburn Av,0,0,,0,0,
Audley,37,15,Residential,49,0,Residential
Balph Av (East-West),35,0,Residential,35,1,Residential
Barbour Place,11,0,Residential,14,0,Residential
Bartram Av,24,0,Residential,20,0,Residential
Beatty Av,4,0,Residential,5,0,Residential
Beaver (North),80,4,Mixed,173,5,Mixed
Beaver (South),62,4,Mixed,40,2,Mixed
Becker Av,9,0,Residential,9,1,Residential
Beckford,119,2,Mixed,105,1,Mixed
Beech,5,0,Residential,4,2,Residential
Beechwood Way,1,0,Residential,2,0,Residential
Bell Av,46,3,Residential,50,4,Mixed
Belmont,2,0,Residential,2,0,Residential
Berger,14,0,Residential,12,0,Mixed
Berger Place,9,0,Residential,11,0,Residential
Big Run (East-West),16,0,Residential,18,1,Mixed
Birt Av,2,0,Residential,2,0,Residential
Blaine,48,1,Mixed,40,3,Residential
Blanchard,4,0,Residential,3,0,Residential
Bleakley Av,16,0,Mixed,18,1,Residential
Bluff,41,1,Residential,38,0,Residential
Blunston Av,10,0,Residential,10,1,Residential
Bolt,5,0,Residential,4,0,Residential
Bonzo,10,0,Residential,10,0,Residential
Borough Line,18,0,Residential,19,0,Residential
Boston Av,30,0,Residential,34,1,Residential
Boyles Av,102,3,Mixed,113,7,Residential
Bradner Av,4,0,Residential,3,0,Residential
Brentwood,15,0,Residential,14,0,Residential
Brinton Av,7,0,Residential,1,0,Residential
Brooklyn Av,24,0,Residential,21,0,Residential
Buena Vista Way,35,1,Residential,39,1,Residential
Burke,4,0,Residential,4,0,Residential
Burns,5,0,Residential,11,0,Residential
Butler Av,211,1,Mixed,206,9,Mixed
Butz Av,15,0,Residential,28,0,Mixed
Byers Av (East-West),4,2,Residential,17,1,Mixed
Caldwell Av,5,0,Residential,4,0,Residential
Calvert,0,0,,0,0,
Cameron Av,15,0,Residential,31,0,Residential
Canyon,17,0,Residential,18,1,Residential
Carl,7,0,Residential,6,0,Residential
Carlisle,43,2,Residential,42,0,Residential
Carlsbad Place,6,0,Residential,9,2,Residential
Carr Av,8,0,Residential,8,0,Residential
Carson,16,0,Residential,14,2,Residential
Cascade (North),58,2,Mixed,74,2,Mixed
Cascade (South),50,2,Mixed,81,3,Mixed
Cascade Blvd,14,0,Mixed,9,1,Residential
Cass,5,0,Mixed,5,0,Mixed
Castle,7,0,Residential,15,0,Residential
Castle Hill Manor,0,0,,0,0,
Cecil Ave,28,0,Residential,33,0,Residential
Cedar (North),128,3,Mixed,104,6,Mixed
Cedar (South),37,0,Residential,36,0,Residential
Centennial,14,0,Residential,16,0,Residential
Center Alley (East-West),18,0,Residential,2,0,Residential
Central Square,0,0,,0,0,
Chartes (East-West),49,0,Mixed,47,0,Mixed
Cherry (East-West),117,5,Mixed,116,8,Mixed
Chestnut,81,0,Residential,75,5,Mixed
City Line,3,0,Residential,4,1,Residential
Clarence Av,16,0,Residential,21,0,Residential
Clayton (East-West),99,2,Mixed,100,3,Mixed
Clearview Av,11,0,Mixed,12,0,Residential
Clen-Moore Blvd,59,0,Mixed,70,0,Mixed
Clen-Moore Blvd (West),27,2,Residential,30,2,Mixed
Cleveland Av,30,0,Residential,24,1,Residential
Cliff,20,0,Residential,16,3,Residential
Coates Av,8,0,Residential,15,0,Residential
Conkle Av,7,0,Residential,7,0,Residential
Conn,0,0,,0,0,
Conner Av,5,1,Residential,7,0,Residential
County Line,118,4,Mixed,109,13,Mixed
Court,128,4,Mixed,105,10,Mixed
Craig,3,0,Residential,1,0,Residential
Crawford Av (North),67,1,Mixed,54,3,Mixed
Crawford Av (South),34,0,Residential,30,5,Residential
Crawford Terrace,2,0,Residential,2,0,Residential
Crescent Av,9,0,Residential,10,1,Residential
Croton Av,439,14,Mixed,339,39,Mixed
Crow,10,0,Residential,18,0,Residential
Cuba,24,18,Residential,12,0,Residential
Culbertson Place,5,0,Residential,6,4,Residential
Cumberland Av,17,0,Residential,15,1,Residential
Cunningham Av,89,0,Mixed,79,2,Mixed
Darlington Av,4,0,Residential,4,1,Residential
Decker Drive,2,2,,27,0,Mixed
Delaware Av,148,2,Residential,148,3,Residential
Denver Av,21,0,Residential,21,2,Residential
Dewey Av,69,2,Residential,72,4,Mixed
Diamond (North),10,1,Residential,1,0,Residential
Dickson,6,0,Residential,6,2,Residential
Dillworth Av,8,0,Residential,8,3,Mixed
Division (East-West),79,3,Mixed,84,7,Mixed
Duquesne Av,13,0,Residential,14,0,Residential
Dushane,52,0,Residential,51,1,Mixed
East,75,7,Mixed,37,1,Mixed
East Main,35,0,Residential,33,2,Mixed
Eastbrook,29,0,Mixed,36,0,Mixed
Eddy,4,0,Residential,4,2,Residential
Edgewood Av,80,3,Residential,101,2,Residential
Edgewood Av (West),12,1,Residential,16,0,Residential
Edison Av (East-West),60,1,Residential,61,1,Residential
Eighth,9,1,Mixed,10,0,Mixed
Electric,50,0,Residential,44,2,Residential
Elizabeth Av (East-West),59,4,Residential,112,2,Residential
Ellsworth Way,2,0,Residential,1,0,Residential
Elm,26,1,Mixed,20,5,Mixed
Elmwood,44,0,Residential,38,1,Mixed
Emerson Av,20,0,Residential,20,3,Residential
Emery,9,0,Mixed,8,0,Residential
Englewood Av,59,1,Residential,59,2,Residential
English Av,47,1,Mixed,45,4,Mixed
Epworth,30,1,Residential,26,2,Residential
Erie Av,16,0,Mixed,15,1,Residential
Etna,31,1,Residential,33,2,Residential
Euclid Av,115,4,Mixed,117,5,Mixed
Euclid Av (West),26,2,Mixed,29,1,Mixed
Fairfield Av,77,2,Residential,81,0,Residential
Fairmont Av,92,3,Residential,116,3,Residential
Fairmont Av (West),31,3,Mixed,46,0,Mixed
Fairview,5,1,Residential,5,0,Residential
Falls (East-West),85,5,Mixed,54,10,Mixed
Federal,3,0,Residential,4,0,Residential
Fern,56,0,Mixed,56,1,Mixed
Fifth,2,0,Residential,5,0,Residential
Finch,20,1,Residential,19,0,Mixed
First (North),2,0,Residential,2,0,Residential
First (South),8,0,Residential,8,0,Residential
Fleming Way,2,0,Residential,2,1,Residential
Florence Av,28,0,Mixed,32,3,Mixed
Forest,27,2,Residential,25,3,Residential
Fourth,3,0,Residential,3,0,Residential
Francis,6,0,Residential,6,1,Residential
Francis Av,1,0,Residential,2,0,Residential
Francis Place,11,0,Residential,10,1,Residential
Frank Av,19,0,Mixed,28,0,Mixed
Frank Way,6,0,Mixed,4,0,Mixed
Franklin Av,43,1,Mixed,44,1,Residential
Frazier Drive,14,3,Residential,23,0,Residential
Friendship,50,1,Residential,49,2,Mixed
Front (North),12,2,Residential,5,2,Residential
Front (South),18,1,Residential,13,3,Residential
Fulkerson,14,0,Residential,11,2,Residential
Fulton (East-West),24,2,Residential,18,1,Residential
Furnace,1,0,Non-Residential,1,0,Non-Residential
Galbreath Av,52,0,Mixed,48,4,Residential
Gardner Av,7,0,Mixed,3,0,Non-Residential
Gardner Lane,3,1,Residential,4,0,Residential
Garfield Av (East-West),176,2,Mixed,179,6,Mixed
George,0,0,,1,0,Non-Residential
Gibson Av,4,0,Residential,4,0,Residential
Gilmore,22,0,Mixed,28,0,Residential
Glass,7,0,Mixed,7,0,Mixed
Glen Av,6,0,Residential,6,0,Residential
Good Av,5,0,Residential,4,0,Residential
Graceland Road,25,0,Mixed,28,1,Mixed
Grandview Av,47,4,Mixed,66,1,Mixed
Green,30,1,Mixed,36,7,Residential
Greenwood Av (North),14,0,Residential,15,0,Residential
Greenwood Av (South),15,0,Mixed,13,1,Mixed
Gretchen Av,14,0,Residential,23,0,Residential
Grigsby Av,8,0,Residential,13,0,Residential
Grimes,11,0,Mixed,12,1,Residential
Grove,13,1,Mixed,11,1,Mixed
Grove Av,7,1,Residential,14,1,Mixed
Guadalcanal Road,6,0,Residential,11,0,Residential
Hale,1,0,Residential,1,0,Residential
Hamilton,112,3,Residential,102,9,Mixed
Hanna,73,0,Mixed,76,0,Residential
Harbor,41,1,Mixed,35,3,Mixed
Harbor Road,20,1,Mixed,22,3,Mixed
Harding Av,12,0,Mixed,17,1,Mixed
Harrison,77,0,Mixed,73,2,Residential
Hart,14,2,Residential,16,0,Residential
Hartman,9,0,Residential,7,0,Residential
Haus Av,11,1,Residential,12,0,Residential
Hawthorne Av,16,0,Residential,17,1,Residential
Hazel,29,0,Residential,37,0,Residential
Hazelcroft Av,83,5,Mixed,111,1,Residential
Hazen,26,0,Residential,52,0,Residential
Hemlock,6,0,Residential,6,0,Residential
Herrick Av,3,2,Residential,17,0,Residential
High,45,0,Residential,43,5,Residential
Highland Av,318,10,Mixed,322,17,Mixed
Highland Place,5,0,Residential,3,1,Residential
Hill Row,5,0,Residential,0,0,
Hillcrest Av,122,6,Mixed,141,0,Mixed
Hillcrest Av (West),4,3,Residential,10,0,Residential
Hobart,3,0,Non-Residential,4,0,Mixed
Holton,10,0,Residential,0,0,
Home (East-West),77,3,Mixed,64,3,Residential
Homestead,9,0,Mixed,5,0,
Hoover Av,0,0,,0,0,
Howard Way,22,0,Mixed,16,3,Mixed
Huey,20,0,Residential,19,0,Residential
Huron Av,89,0,Residential,89,0,Mixed
Idlewild Drive,3,3,,56,0,Residential
Industrial,3,0,Non-Residential,6,1,Non-Residential
Jackson,43,1,Mixed,58,1,Mixed
Jefferson (North),123,4,Mixed,109,7,Mixed
Jefferson (South),388,15,Mixed,215,12,Mixed
John,26,1,Residential,29,2,Residential
Johnson,13,0,Residential,28,3,Residential
Jones,2,0,Residential,2,0,Residential
Junior High,18,0,Mixed,15,1,Mixed
Katherine,40,1,Residential,38,4,Residential
Kenneth Av,36,3,Residential,47,0,Residential
Kerr,16,2,Residential,15,0,Residential
King Av,40,0,Residential,37,4,Mixed
King's Chapel Road,0,0,,0,0,
Kurtz,16,0,Residential,13,2,Residential
Kurtz Place,4,0,Mixed,5,0,Mixed
Lacock (East-West),6,0,Mixed,7,1,
Lafayette (North),18,0,Mixed,18,0,Residential
Lafayette (South),27,1,Mixed,29,3,Mixed
Lakeview Av,7,7,,18,0,Residential
Lathrop,49,0,Residential,51,2,Residential
Laurel Av (East-West),51,3,Mixed,45,2,Residential
Laurel Blvd,52,2,Residential,54,0,Residential
Laurel Place,10,0,Residential,18,1,Residential
Leasure Av (East-West),153,3,Residential,173,4,Mixed
Lee Av (North),30,0,Residential,28,1,Residential
Lee Av (South),30,2,Residential,35,1,Residential
Liberty (North),186,7,Mixed,162,19,Mixed
Liberty (South),42,2,Mixed,35,5,Mixed
Lincoln Av (East-West),122,13,Mixed,138,9,Mixed
Linden,0,0,,6,1,Residential
Locust,43,1,Mixed,52,2,Mixed
Logan,8,0,Residential,8,0,Residential
Long Av (East-West),340,16,Mixed,263,67,Mixed
Loraine Av,40,1,Residential,39,6,Residential
Lowry,6,0,Residential,3,0,Residential
Ludwig Road,8,0,Mixed,11,0,Mixed
Lutton (East-West),153,1,Residential,141,5,Mixed
Mabel,14,1,Residential,14,0,Residential
Madison Av (East-West),104,0,Mixed,104,5,Mixed
Magee,10,0,Residential,11,0,Residential
Mahoning Av,58,1,Mixed,38,6,Mixed
Main,0,0,,0,0,
Maitland,26,1,Mixed,19,0,Mixed
Manor Av,2,0,Residential,10,0,Residential
Maple,16,0,Mixed,14,1,Mixed
Maple (East-West),5,1,Mixed,4,0,Mixed
Maple Drive,12,0,Residential,15,1,Mixed
Margaret,1,0,Non-Residential,2,0,Non-Residential
Marion Court,2,0,Residential,0,0,
Marshall,53,0,Mixed,54,0,Residential
Martha,49,2,Mixed,43,0,Residential
Maryland Av,81,3,Residential,75,0,Residential
Matilda Av,33,0,Mixed,35,1,Mixed
McCarty Lane,3,0,Residential,10,0,Residential
McClain Av,4,0,Residential,5,1,Residential
McCleary Av,15,0,Mixed,19,2,Residential
McClelland Av,35,1,Residential,38,1,Residential
McCready Place,6,0,Residential,0,0,
McKinley,1,0,Non-Residential,1,0,Non-Residential
Meadow,2,0,Residential,2,0,Residential
Mechanic,4,1,Non-Residential,3,0,Non-Residential
Meegan Av,6,0,Residential,13,1,Residential
Melrose Av,5,1,Residential,8,0,Residential
Mercer (North),349,19,Mixed,298,19,Mixed
Mercer (South),105,4,Mixed,84,3,Mixed
Meyer Av,91,1,Mixed,103,1,Mixed
Meyer Av (West),31,1,Residential,42,1,Residential
Midway Island Circle,0,0,,3,0,Residential
Mill (North),175,6,Mixed,134,14,Mixed
Mill (South),282,14,Mixed,236,62,Mixed
Miller (East-West),43,0,Mixed,37,0,Mixed
Miller Av,34,0,Mixed,41,1,Residential
Miller Road,0,0,,0,0,
Miller Road (South),2,1,Residential,20,1,Residential
Mills Way,16,0,Residential,19,2,Residential
Milton,40,1,Residential,23,2,Residential
Monroe,21,1,Residential,18,0,Residential
Montgomery Av,41,1,Residential,38,1,Mixed
Moody Ave (East-West),144,3,Mixed,303,11,Mixed
Moore Ave,23,0,Residential,31,4,Residential
Moravia,201,9,Mixed,153,19,Mixed
Morehead Av,13,0,Residential,14,0,Residential
Morris,77,0,Mixed,85,3,Mixed
Morton,70,0,Mixed,59,2,Mixed
Motor,15,0,Residential,19,0,Mixed
MtPleasant,10,0,Mixed,12,0,Residential
Mulberry (North),26,0,Residential,25,2,Residential
Mulberry (South),20,0,Residential,17,2,Residential
National,13,0,Residential,13,0,Residential
Neal,27,0,Mixed,26,3,Mixed
Nemo,7,0,Mixed,4,1,Residential
Neshannock Av,245,8,Mixed,3,1,Non-Residential
Neshannock Blvd,47,1,Mixed,53,1,Mixed
Newell Av,34,0,Mixed,18,2,Mixed
North (East-West),275,9,Mixed,151,20,Mixed
Northview Av,91,0,Mixed,99,0,Residential
Northview Av (West),37,3,Residential,51,1,Residential
Norwood Av,56,0,Residential,61,2,Residential
Nutt,1,0,Non-Residential,1,0,Non-Residential
O'Brien Av,12,0,Residential,2,0,Residential
Oak,67,0,Mixed,62,6,Residential
Oakland Av,19,0,Mixed,13,1,Mixed
Oakwood Av,22,0,Residential,26,0,Residential
Okinawa Drive,9,0,Residential,25,0,Residential
Old Butler Road,0,0,,0,0,
Old Long Av,8,0,Residential,8,1,Residential
Old Pittsburgh Road,25,1,Mixed,39,0,Mixed
Old Plank Road,39,3,Residential,56,2,Mixed
Orchard (East-West),4,0,Residential,4,1,Residential
Orchard Way,11,0,Residential,14,2,Residential
Orlando Av,11,0,Residential,14,0,Residential
Osage,2,0,Residential,1,0,Residential
Park Av,146,1,Mixed,149,2,Mixed
Park Lane,3,0,Residential,8,0,Residential
Patterson Av,10,0,Residential,9,2,Residential
Paul,3,0,Residential,14,0,Mixed
Pearl,21,0,Residential,21,0,Residential
Pearl (West),3,2,Residential,12,0,Residential
Pearson,126,2,Mixed,88,4,Mixed
Pearson Mill Road,2,0,Residential,2,0,Residential
Pennsylvania Av,116,2,Residential,107,11,Mixed
Pennsylvania Av Ext,11,0,Residential,7,1,Mixed
Phillips,25,1,Residential,27,2,Mixed
Phillips Place,10,0,Residential,8,1,Residential
Pine,67,0,Residential,60,4,Residential
Plum,0,0,,0,0,
Point Place,3,0,Residential,3,0,Residential
Pollock Av,62,1,Mixed,59,2,Mixed
Poplar,6,0,Residential,6,1,Residential
Porter,8,0,Residential,8,4,Residential
Power,8,1,Mixed,1,0,Non-Residential
Preston Av,15,0,Mixed,0,1,
Produce,17,1,Mixed,9,2,Mixed
Prospect,13,0,Residential,15,0,Residential
Pulaski Road,43,1,Residential,56,2,Mixed
Quay,0,0,,0,0,
Quest,34,2,Mixed,4,0,Residential
Rabbit Av,4,1,Residential,2,0,Residential
Randolph,45,0,Residential,47,0,Residential
Ranney Av (East-West),12,0,Residential,9,1,Mixed
Ray (North),54,0,Mixed,52,1,Residential
Ray (South),105,0,Mixed,105,5,Mixed
Raymond,29,1,Mixed,25,0,Residential
Rebecca,15,2,Mixed,14,1,Mixed
Rebecca Way,10,0,Mixed,5,0,Mixed
Reiber,2,0,Residential,0,0,
Reis,14,0,Mixed,28,0,Mixed
Reynolds (East-West),154,2,Mixed,133,13,Mixed
Rhodes Place,9,3,Residential,11,1,Mixed
Richelieu Av,32,1,Residential,31,2,Residential
Ridge,8,0,Residential,7,0,Residential
Ridge Av,11,0,Mixed,11,1,Mixed
Rigby,5,0,Residential,1,0,Residential
Riverview Av,16,0,Mixed,13,2,Residential
Robinson,13,0,Residential,9,2,Residential
Robinson Lane,3,0,Residential,2,0,Residential
Robinwood,14,0,Residential,14,0,Residential
Rock Av,0,0,,0,0,
Roosevelt,13,0,Residential,26,0,Mixed
Rose Av,71,1,Mixed,76,0,Mixed
Rosedale,8,1,Residential,8,0,Residential
Round (North),7,0,Mixed,7,1,Residential
Round (South),17,0,Residential,21,1,Residential
Roy Drive,6,2,Residential,12,0,Residential
Ryan Av,41,2,Residential,46,2,Residential
Sampson,84,7,Mixed,68,6,Mixed
Sankey,13,0,Residential,7,2,Residential
Savannah Road,11,0,Residential,29,0,Residential
School,3,0,Residential,1,0,Residential
Scioto,53,1,Mixed,32,6,Residential
Scott (North),29,0,Residential,31,0,Residential
Scott (South),10,0,Residential,12,0,Residential
Second,4,0,Residential,5,1,Residential
Service,7,1,Residential,8,0,Mixed
Seventh,3,0,Residential,18,1,Residential
Shady Side,38,0,Residential,28,0,Mixed
Sharp (East-West),15,0,Residential,16,1,Residential
Shaw,49,0,Residential,48,5,Residential
Sheets,6,0,Residential,6,0,Residential
Shenango (North),39,0,Mixed,34,1,Mixed
Sheridan Av (East-West),138,0,Residential,158,4,Mixed
Sherman,1,0,Non-Residential,0,0,
Shira,2,0,Residential,2,0,Residential
Short,3,0,Residential,1,0,Residential
Sixth,10,0,Residential,11,0,Residential
Slate,5,0,Residential,3,0,Residential
Smith,7,0,Residential,7,0,Residential
Smithfield,97,1,Mixed,99,3,Mixed
South (East-West),32,2,Mixed,3,0,Non-Residential
South New Castle Burough,0,0,,0,0,
Southview Av,5,0,Residential,6,0,Residential
Spring,22,1,Residential,22,1,Residential
Spruce,54,2,Mixed,47,4,Residential
Stanton Av,17,1,Mixed,20,1,Mixed
State,169,3,Mixed,150,12,Mixed
Stewart,1,0,Residential,0,0,
Stewart Place,6,0,Residential,6,0,Residential
Summit,22,0,Residential,25,0,Residential
Sunny Av,8,1,Residential,35,1,Residential
Superior,56,2,Residential,43,2,Mixed
Swansea Av (East-West),2,0,Residential,2,0,Mixed
Swansea Av (South),0,0,,0,0,
Sycamore,21,1,Residential,21,1,Residential
Sycamore (East-West),6,0,Mixed,2,0,Non-Residential
Syling,6,0,Residential,6,0,Residential
Taylor,47,1,Mixed,52,3,Mixed
Temple Av,31,0,Residential,31,0,Residential
Terrace Av (East-West),54,0,Mixed,51,5,Mixed
Third,2,0,Residential,2,0,Residential
Thorpe,25,2,Residential,26,0,Residential
Tremont,3,0,Residential,5,0,Residential
Treser Av (East-West),10,0,Residential,8,1,Residential
Tucker Way,2,0,Residential,2,0,Residential
Tulagi Way,6,0,Residential,7,0,Residential
Uber Av,20,0,Residential,19,2,Residential
Underwood,16,0,Residential,15,0,Residential
Union,2,0,Residential,2,0,Residential
Union Av,2,0,Residential,3,0,Residential
Valentine,1,0,Non-Residential,1,0,Non-Residential
Valley,5,0,Residential,3,0,Residential
Vesta,0,0,,0,0,
Vine (North),37,0,Mixed,56,3,Mixed
Vine (South),11,0,Mixed,8,0,Residential
Vogan Av,34,1,Mixed,50,0,Mixed
Wabash Av (East-West),50,1,Residential,45,3,Residential
Waldo,55,0,Residential,55,4,Residential
Walker,0,0,,0,0,
Wallace Av (East-West),174,4,Mixed,151,3,Mixed
Walls,6,0,Residential,6,0,Residential
Walmo,0,0,,0,0,
Walmo-Eastbrook Road,0,0,,0,0,
Walnut (North),59,2,Residential,46,2,Residential
Walnut (South),61,4,Mixed,69,10,Residential
Walter,13,0,Residential,14,0,Residential
Warner Alley,6,0,Residential,7,1,Residential
Warner Av,39,2,Mixed,66,1,Residential
Washington (East),898,25,Mixed,726,103,Mixed
Washington (West),375,9,Mixed,238,19,Mixed
Water,6,0,Mixed,3,0,Mixed
Wayne (North),15,0,Residential,15,0,Residential
Wayne (South),18,0,Residential,19,2,Residential
Weaver,12,1,Residential,7,0,Residential
Weinberg,3,0,Residential,0,0,
Wellsley,2,0,Residential,4,0,Residential
West Av,5,0,Residential,4,1,Mixed
West Park Way,17,1,Residential,12,1,Residential
West Pittsburgh Road,0,0,,15,3,Mixed
Whippo,21,1,Residential,19,1,Residential
White,4,0,Mixed,3,0,Non-Residential
Whitney Av,0,0,,0,0,
Wick,10,0,Residential,10,0,Residential
Wildwood Av,24,0,Residential,23,0,Residential
Willard Av,5,0,Residential,2,0,Residential
Williams,32,0,Residential,36,0,Residential
Willowbrook Road,31,4,Residential,37,0,Residential
Wilmington Av,276,8,Mixed,387,3,Mixed
Wilson Av,58,1,Mixed,52,1,Mixed
Wilson Road,0,0,,10,2,Mixed
Winslow,63,0,Mixed,60,0,Residential 
Winter Av (East-West),119,6,Mixed,104,3,Mixed
Wolfe,10,1,Residential,2,0,Residential 
Wood,12,1,Residential,1,1,Residential 
Wood Av,0,0,,1,1,Residential 
Woodland Av,9,0,Residential,8,0,Residential 
Woodland Drive,4,0,Residential,6,0,Residential 
Woodrow,4,1,Residential,7,0,Residential 
Woods,9,0,Residential,6,0,Residential 
Wooley,18,0,Residential,16,0,Residential 
Worthington Av (West),42,3,Residential,43,0,Residential 
Yoho,7,1,Residential,4,2,Residential 
Young,36,0,Mixed,24,0,Residential 
