Year,Street,Number of Entities,Number of Vacant,Type
1973,Acorn,12,0,Residential
1973,Adams,105,0,Mixed
1973,Addis,32,2,Residential
1973,Adella,1,0,Residential
1973,Agnew,29,1,Residential
1973,Albert,47,2,Mixed
1973,Alborn Av,14,1,Residential
1973,Alborn Mill Road,0,0,
1973,Allegheny Av,33,0,Residential
1973,Allen,24,2,Mixed
1973,Almira,16,1,Residential
1973,Alvaretta Blvd,9,0,Residential
1973,Andrew,5,0,Residential
1973,Ann,3,0,Residential
1973,Appleway (North),7,0,Non-Residential
1973,Appleway (South),3,1,Mixed
1973,Arch (East),1,0,Residential
1973,Arlington Av,68,5,Mixed
1973,Ashland Av (North),54,0,Residential
1973,Ashland Av (South),19,1,Mixed
1973,Atkinson,19,1,Residential
1973,Atlantic Av,44,5,Mixed
1973,Auburn Av,0,0,
1973,Audley,49,0,Residential
1973,Balph Av (East-West),35,1,Residential
1973,Barbour Place,14,0,Residential
1973,Bartram Av,20,0,Residential
1973,Beatty Av,5,0,Residential
1973,Beaver (North),173,5,Mixed
1973,Beaver (South),40,2,Mixed
1973,Becker Av,9,1,Residential
1973,Beckford,105,1,Mixed
1973,Beech,4,2,Residential
1973,Beechwood Way,2,0,Residential
1973,Bell Av,50,4,Mixed
1973,Belmont,2,0,Residential
1973,Berger,12,0,Mixed
1973,Berger Place,11,0,Residential
1973,Big Run (East-West),18,1,Mixed
1973,Birt Av,2,0,Residential
1973,Blaine,40,3,Residential
1973,Blanchard,3,0,Residential
1973,Bleakley Av,18,1,Residential
1973,Bluff,38,0,Residential
1973,Blunston Av,10,1,Residential
1973,Bolt,4,0,Residential
1973,Bonzo,10,0,Residential
1973,Borough Line,19,0,Residential
1973,Boston Av,34,1,Residential
1973,Boyles Av,113,7,Residential
1973,Bradner Av,3,0,Residential
1973,Brentwood,14,0,Residential
1973,Brinton Av,1,0,Residential
1973,Brooklyn Av,21,0,Residential
1973,Buena Vista Way,39,1,Residential
1973,Burke,4,0,Residential
1973,Burns,11,0,Residential
1973,Butler Av,206,9,Mixed
1973,Butz Av,28,0,Mixed
1973,Byers Av (East-West),17,1,Mixed
1973,Caldwell Av,4,0,Residential
1973,Calvert,0,0,
1973,Cameron Av,31,0,Residential
1973,Canyon,18,1,Residential
1973,Carl,6,0,Residential
1973,Carlisle,42,0,Residential
1973,Carlsbad Place,9,2,Residential
1973,Carr Av,8,0,Residential
1973,Carson,14,2,Residential
1973,Cascade (North),74,2,Mixed
1973,Cascade (South),81,3,Mixed
1973,Cascade Blvd,9,1,Residential
1973,Cass,5,0,Mixed
1973,Castle,15,0,Residential
1973,Castle Hill Manor,0,0,
1973,Cecil Ave,33,0,Residential
1973,Cedar (North),104,6,Mixed
1973,Cedar (South),36,0,Residential
1973,Centennial,16,0,Residential
1973,Center Alley (East-West),2,0,Residential
1973,Central Square,0,0,
1973,Chartes (East-West),47,0,Mixed
1973,Cherry (East-West),116,8,Mixed
1973,Chestnut,75,5,Mixed
1973,City Line,4,1,Residential
1973,Clarence Av,21,0,Residential
1973,Clayton (East-West),100,3,Mixed
1973,Clearview Av,12,0,Residential
1973,Clen-Moore Blvd,70,0,Mixed
1973,Clen-Moore Blvd (West),30,2,Mixed
1973,Cleveland Av,24,1,Residential
1973,Cliff,16,3,Residential
1973,Coates Av,15,0,Residential
1973,Conkle Av,7,0,Residential
1973,Conn,0,0,
1973,Conner Av,7,0,Residential
1973,County Line,109,13,Mixed
1973,Court,105,10,Mixed
1973,Craig,1,0,Residential
1973,Crawford Av (North),54,3,Mixed
1973,Crawford Av (South),30,5,Residential
1973,Crawford Terrace,2,0,Residential
1973,Crescent Av,10,1,Residential
1973,Croton Av,339,39,Mixed
1973,Crow,18,0,Residential
1973,Cuba,12,0,Residential
1973,Culbertson Place,6,4,Residential
1973,Cumberland Av,15,1,Residential
1973,Cunningham Av,79,2,Mixed
1973,Darlington Av,4,1,Residential
1973,Decker Drive,27,0,Mixed
1973,Delaware Av,148,3,Residential
1973,Denver Av,21,2,Residential
1973,Dewey Av,72,4,Mixed
1973,Diamond (North),1,0,Residential
1973,Dickson,6,2,Residential
1973,Dillworth Av,8,3,Mixed
1973,Division (East-West),84,7,Mixed
1973,Duquesne Av,14,0,Residential
1973,Dushane,51,1,Mixed
1973,East,37,1,Mixed
1973,East Main,33,2,Mixed
1973,Eastbrook,36,0,Mixed
1973,Eddy,4,2,Residential
1973,Edgewood Av,101,2,Residential
1973,Edgewood Av (West),16,0,Residential
1973,Edison Av (East-West),61,1,Residential
1973,Eighth,10,0,Mixed
1973,Electric,44,2,Residential
1973,Elizabeth Av (East-West),112,2,Residential
1973,Ellsworth Way,1,0,Residential
1973,Elm,20,5,Mixed
1973,Elmwood,38,1,Mixed
1973,Emerson Av,20,3,Residential
1973,Emery,8,0,Residential
1973,Englewood Av,59,2,Residential
1973,English Av,45,4,Mixed
1973,Epworth,26,2,Residential
1973,Erie Av,15,1,Residential
1973,Etna,33,2,Residential
1973,Euclid Av,117,5,Mixed
1973,Euclid Av (West),29,1,Mixed
1973,Fairfield Av,81,0,Residential
1973,Fairmont Av,116,3,Residential
1973,Fairmont Av (West),46,0,Mixed
1973,Fairview,5,0,Residential
1973,Falls (East-West),54,10,Mixed
1973,Federal,4,0,Residential
1973,Fern,56,1,Mixed
1973,Fifth,5,0,Residential
1973,Finch,19,0,Mixed
1973,First (North),2,0,Residential
1973,First (South),8,0,Residential
1973,Fleming Way,2,1,Residential
1973,Florence Av,32,3,Mixed
1973,Forest,25,3,Residential
1973,Fourth,3,0,Residential
1973,Francis,6,1,Residential
1973,Francis Av,2,0,Residential
1973,Francis Place,10,1,Residential
1973,Frank Av,28,0,Mixed
1973,Frank Way,4,0,Mixed
1973,Franklin Av,44,1,Residential
1973,Frazier Drive,23,0,Residential
1973,Friendship,49,2,Mixed
1973,Front (North),5,2,Residential
1973,Front (South),13,3,Residential
1973,Fulkerson,11,2,Residential
1973,Fulton (East-West),18,1,Residential
1973,Furnace,1,0,Non-Residential
1973,Galbreath Av,48,4,Residential
1973,Gardner Av,3,0,Non-Residential
1973,Gardner Lane,4,0,Residential
1973,Garfield Av (East-West),179,6,Mixed
1973,George,1,0,Non-Residential
1973,Gibson Av,4,0,Residential
1973,Gilmore,28,0,Residential
1973,Glass,7,0,Mixed
1973,Glen Av,6,0,Residential
1973,Good Av,4,0,Residential
1973,Graceland Road,28,1,Mixed
1973,Grandview Av,66,1,Mixed
1973,Green,36,7,Residential
1973,Greenwood Av (North),15,0,Residential
1973,Greenwood Av (South),13,1,Mixed
1973,Gretchen Av,23,0,Residential
1973,Grigsby Av,13,0,Residential
1973,Grimes,12,1,Residential
1973,Grove,11,1,Mixed
1973,Grove Av,14,1,Mixed
1973,Guadalcanal Road,11,0,Residential
1973,Hale,1,0,Residential
1973,Hamilton,102,9,Mixed
1973,Hanna,76,0,Residential
1973,Harbor,35,3,Mixed
1973,Harbor Road,22,3,Mixed
1973,Harding Av,17,1,Mixed
1973,Harrison,73,2,Residential
1973,Hart,16,0,Residential
1973,Hartman,7,0,Residential
1973,Haus Av,12,0,Residential
1973,Hawthorne Av,17,1,Residential
1973,Hazel,37,0,Residential
1973,Hazelcroft Av,111,1,Residential
1973,Hazen,52,0,Residential
1973,Hemlock,6,0,Residential
1973,Herrick Av,17,0,Residential
1973,High,43,5,Residential
1973,Highland Av,322,17,Mixed
1973,Highland Place,3,1,Residential
1973,Hill Row,0,0,
1973,Hillcrest Av,141,0,Mixed
1973,Hillcrest Av (West),10,0,Residential
1973,Hobart,4,0,Mixed
1973,Holton,0,0,
1973,Home (East-West),64,3,Residential
1973,Homestead,5,0,
1973,Hoover Av,0,0,
1973,Howard Way,16,3,Mixed
1973,Huey,19,0,Residential
1973,Huron Av,89,0,Mixed
1973,Idlewild Drive,56,0,Residential
1973,Industrial,6,1,Non-Residential
1973,Jackson,58,1,Mixed
1973,Jefferson (North),109,7,Mixed
1973,Jefferson (South),215,12,Mixed
1973,John,29,2,Residential
1973,Johnson,28,3,Residential
1973,Jones,2,0,Residential
1973,Junior High,15,1,Mixed
1973,Katherine,38,4,Residential
1973,Kenneth Av,47,0,Residential
1973,Kerr,15,0,Residential
1973,King Av,37,4,Mixed
1973,King's Chapel Road,0,0,
1973,Kurtz,13,2,Residential
1973,Kurtz Place,5,0,Mixed
1973,Lacock (East-West),7,1,
1973,Lafayette (North),18,0,Residential
1973,Lafayette (South),29,3,Mixed
1973,Lakeview Av,18,0,Residential
1973,Lathrop,51,2,Residential
1973,Laurel Av (East-West),45,2,Residential
1973,Laurel Blvd,54,0,Residential
1973,Laurel Place,18,1,Residential
1973,Leasure Av (East-West),173,4,Mixed
1973,Lee Av (North),28,1,Residential
1973,Lee Av (South),35,1,Residential
1973,Liberty (North),162,19,Mixed
1973,Liberty (South),35,5,Mixed
1973,Lincoln Av (East-West),138,9,Mixed
1973,Linden,6,1,Residential
1973,Locust,52,2,Mixed
1973,Logan,8,0,Residential
1973,Long Av (East-West),263,67,Mixed
1973,Loraine Av,39,6,Residential
1973,Lowry,3,0,Residential
1973,Ludwig Road,11,0,Mixed
1973,Lutton (East-West),141,5,Mixed
1973,Mabel,14,0,Residential
1973,Madison Av (East-West),104,5,Mixed
1973,Magee,11,0,Residential
1973,Mahoning Av,38,6,Mixed
1973,Main,0,0,
1973,Maitland,19,0,Mixed
1973,Manor Av,10,0,Residential
1973,Maple,14,1,Mixed
1973,Maple (East-West),4,0,Mixed
1973,Maple Drive,15,1,Mixed
1973,Margaret,2,0,Non-Residential
1973,Marion Court,0,0,
1973,Marshall,54,0,Residential
1973,Martha,43,0,Residential
1973,Maryland Av,75,0,Residential
1973,Matilda Av,35,1,Mixed
1973,McCarty Lane,10,0,Residential
1973,McClain Av,5,1,Residential
1973,McCleary Av,19,2,Residential
1973,McClelland Av,38,1,Residential
1973,McCready Place,0,0,
1973,McKinley,1,0,Non-Residential
1973,Meadow,2,0,Residential
1973,Mechanic,3,0,Non-Residential
1973,Meegan Av,13,1,Residential
1973,Melrose Av,8,0,Residential
1973,Mercer (North),298,19,Mixed
1973,Mercer (South),84,3,Mixed
1973,Meyer Av,103,1,Mixed
1973,Meyer Av (West),42,1,Residential
1973,Midway Island Circle,3,0,Residential
1973,Mill (North),134,14,Mixed
1973,Mill (South),236,62,Mixed
1973,Miller (East-West),37,0,Mixed
1973,Miller Av,41,1,Residential
1973,Miller Road,0,0,
1973,Miller Road (South),20,1,Residential
1973,Mills Way,19,2,Residential
1973,Milton,23,2,Residential
1973,Monroe,18,0,Residential
1973,Montgomery Av,38,1,Mixed
1973,Moody Ave (East-West),303,11,Mixed
1973,Moore Ave,31,4,Residential
1973,Moravia,153,19,Mixed
1973,Morehead Av,14,0,Residential
1973,Morris,85,3,Mixed
1973,Morton,59,2,Mixed
1973,Motor,19,0,Mixed
1973,MtPleasant,12,0,Residential
1973,Mulberry (North),25,2,Residential
1973,Mulberry (South),17,2,Residential
1973,National,13,0,Residential
1973,Neal,26,3,Mixed
1973,Nemo,4,1,Residential
1973,Neshannock Av,3,1,Non-Residential
1973,Neshannock Blvd,53,1,Mixed
1973,Newell Av,18,2,Mixed
1973,North (East-West),151,20,Mixed
1973,Northview Av,99,0,Residential
1973,Northview Av (West),51,1,Residential
1973,Norwood Av,61,2,Residential
1973,Nutt,1,0,Non-Residential
1973,O'Brien Av,2,0,Residential
1973,Oak,62,6,Residential
1973,Oakland Av,13,1,Mixed
1973,Oakwood Av,26,0,Residential
1973,Okinawa Drive,25,0,Residential
1973,Old Butler Road,0,0,
1973,Old Long Av,8,1,Residential
1973,Old Pittsburgh Road,39,0,Mixed
1973,Old Plank Road,56,2,Mixed
1973,Orchard (East-West),4,1,Residential
1973,Orchard Way,14,2,Residential
1973,Orlando Av,14,0,Residential
1973,Osage,1,0,Residential
1973,Park Av,149,2,Mixed
1973,Park Lane,8,0,Residential
1973,Patterson Av,9,2,Residential
1973,Paul,14,0,Mixed
1973,Pearl,21,0,Residential
1973,Pearl (West),12,0,Residential
1973,Pearson,88,4,Mixed
1973,Pearson Mill Road,2,0,Residential
1973,Pennsylvania Av,107,11,Mixed
1973,Pennsylvania Av Ext,7,1,Mixed
1973,Phillips,27,2,Mixed
1973,Phillips Place,8,1,Residential
1973,Pine,60,4,Residential
1973,Plum,0,0,
1973,Point Place,3,0,Residential
1973,Pollock Av,59,2,Mixed
1973,Poplar,6,1,Residential
1973,Porter,8,4,Residential
1973,Power,1,0,Non-Residential
1973,Preston Av,0,1,
1973,Produce,9,2,Mixed
1973,Prospect,15,0,Residential
1973,Pulaski Road,56,2,Mixed
1973,Quay,0,0,
1973,Quest,4,0,Residential
1973,Rabbit Av,2,0,Residential
1973,Randolph,47,0,Residential
1973,Ranney Av (East-West),9,1,Mixed
1973,Ray (North),52,1,Residential
1973,Ray (South),105,5,Mixed
1973,Raymond,25,0,Residential
1973,Rebecca,14,1,Mixed
1973,Rebecca Way,5,0,Mixed
1973,Reiber,0,0,
1973,Reis,28,0,Mixed
1973,Reynolds (East-West),133,13,Mixed
1973,Rhodes Place,11,1,Mixed
1973,Richelieu Av,31,2,Residential
1973,Ridge,7,0,Residential
1973,Ridge Av,11,1,Mixed
1973,Rigby,1,0,Residential
1973,Riverview Av,13,2,Residential
1973,Robinson,9,2,Residential
1973,Robinson Lane,2,0,Residential
1973,Robinwood,14,0,Residential
1973,Rock Av,0,0,
1973,Roosevelt,26,0,Mixed
1973,Rose Av,76,0,Mixed
1973,Rosedale,8,0,Residential
1973,Round (North),7,1,Residential
1973,Round (South),21,1,Residential
1973,Roy Drive,12,0,Residential
1973,Ryan Av,46,2,Residential
1973,Sampson,68,6,Mixed
1973,Sankey,7,2,Residential
1973,Savannah Road,29,0,Residential
1973,School,1,0,Residential
1973,Scioto,32,6,Residential
1973,Scott (North),31,0,Residential
1973,Scott (South),12,0,Residential
1973,Second,5,1,Residential
1973,Service,8,0,Mixed
1973,Seventh,18,1,Residential
1973,Shady Side,28,0,Mixed
1973,Sharp (East-West),16,1,Residential
1973,Shaw,48,5,Residential
1973,Sheets,6,0,Residential
1973,Shenango (North),34,1,Mixed
1973,Sheridan Av (East-West),158,4,Mixed
1973,Sherman,0,0,
1973,Shira,2,0,Residential
1973,Short,1,0,Residential
1973,Sixth,11,0,Residential
1973,Slate,3,0,Residential
1973,Smith,7,0,Residential
1973,Smithfield,99,3,Mixed
1973,South (East-West),3,0,Non-Residential
1973,South New Castle Burough,0,0,
1973,Southview Av,6,0,Residential
1973,Spring,22,1,Residential
1973,Spruce,47,4,Residential
1973,Stanton Av,20,1,Mixed
1973,State,150,12,Mixed
1973,Stewart,0,0,
1973,Stewart Place,6,0,Residential
1973,Summit,25,0,Residential
1973,Sunny Av,35,1,Residential
1973,Superior,43,2,Mixed
1973,Swansea Av (East-West),2,0,Mixed
1973,Swansea Av (South),0,0,
1973,Sycamore,21,1,Residential
1973,Sycamore (East-West),2,0,Non-Residential
1973,Syling,6,0,Residential
1973,Taylor,52,3,Mixed
1973,Temple Av,31,0,Residential
1973,Terrace Av (East-West),51,5,Mixed
1973,Third,2,0,Residential
1973,Thorpe,26,0,Residential
1973,Tremont,5,0,Residential
1973,Treser Av (East-West),8,1,Residential
1973,Tucker Way,2,0,Residential
1973,Tulagi Way,7,0,Residential
1973,Uber Av,19,2,Residential
1973,Underwood,15,0,Residential
1973,Union,2,0,Residential
1973,Union Av,3,0,Residential
1973,Valentine,1,0,Non-Residential
1973,Valley,3,0,Residential
1973,Vesta,0,0,
1973,Vine (North),56,3,Mixed
1973,Vine (South),8,0,Residential
1973,Vogan Av,50,0,Mixed
1973,Wabash Av (East-West),45,3,Residential
1973,Waldo,55,4,Residential
1973,Walker,0,0,
1973,Wallace Av (East-West),151,3,Mixed
1973,Walls,6,0,Residential
1973,Walmo,0,0,
1973,Walmo-Eastbrook Road,0,0,
1973,Walnut (North),46,2,Residential
1973,Walnut (South),69,10,Residential
1973,Walter,14,0,Residential
1973,Warner Alley,7,1,Residential
1973,Warner Av,66,1,Residential
1973,Washington (East),726,103,Mixed
1973,Washington (West),238,19,Mixed
1973,Water,3,0,Mixed
1973,Wayne (North),15,0,Residential
1973,Wayne (South),19,2,Residential
1973,Weaver,7,0,Residential
1973,Weinberg,0,0,
1973,Wellsley,4,0,Residential
1973,West Av,4,1,Mixed
1973,West Park Way,12,1,Residential
1973,West Pittsburgh Road,15,3,Mixed
1973,Whippo,19,1,Residential
1973,White,3,0,Non-Residential
1973,Whitney Av,0,0,
1973,Wick,10,0,Residential
1973,Wildwood Av,23,0,Residential
1973,Willard Av,2,0,Residential
1973,Williams,36,0,Residential
1973,Willowbrook Road,37,0,Residential
1973,Wilmington Av,387,3,Mixed
1973,Wilson Av,52,1,Mixed
1973,Wilson Road,10,2,Mixed
1973,Winslow,60,0,Residential 
1973,Winter Av (East-West),104,3,Mixed
1973,Wolfe,2,0,Residential 
1973,Wood,1,1,Residential 
1973,Wood Av,1,1,Residential 
1973,Woodland Av,8,0,Residential 
1973,Woodland Drive,6,0,Residential 
1973,Woodrow,7,0,Residential 
1973,Woods,6,0,Residential 
1973,Wooley,16,0,Residential 
1973,Worthington Av (West),43,0,Residential 
1973,Yoho,4,2,Residential 
1973,Young,24,0,Residential 
