Year,Street,Number of Entities,Number of Vacant,Type
1952,Acorn,9,0,Residential
1952,Adams,110,1,Mixed
1952,Addis,23,3,Residential
1952,Adella,1,0,Residential
1952,Agnew,30,0,Residential
1952,Albert,44,0,Mixed
1952,Alborn Av,21,2,Mixed
1952,Alborn Mill Road,0,0,
1952,Allegheny Av,27,2,Residential
1952,Allen,30,0,Mixed
1952,Almira,14,0,Residential
1952,Alvaretta Blvd,6,3,Residential
1952,Andrew,4,0,Residential
1952,Ann,3,0,Residential
1952,Appleway (North),9,0,Mixed
1952,Appleway (South),7,1,Mixed
1952,Arch (East),1,0,Residential
1952,Arlington Av,70,0,Residential
1952,Ashland Av (North),54,2,Mixed
1952,Ashland Av (South),26,1,Residential
1952,Atkinson,16,0,Residential
1952,Atlantic Av,53,1,Mixed
1952,Auburn Av,0,0,
1952,Audley,37,15,Residential
1952,Balph Av (East-West),35,0,Residential
1952,Barbour Place,11,0,Residential
1952,Bartram Av,24,0,Residential
1952,Beatty Av,4,0,Residential
1952,Beaver (North),80,4,Mixed
1952,Beaver (South),62,4,Mixed
1952,Becker Av,9,0,Residential
1952,Beckford,119,2,Mixed
1952,Beech,5,0,Residential
1952,Beechwood Way,1,0,Residential
1952,Bell Av,46,3,Residential
1952,Bellevue Av,10,0,Residential
1952,Belmont,2,0,Residential
1952,Berger,14,0,Residential
1952,Berger Place,9,0,Residential
1952,Big Run (East-West),16,0,Residential
1952,Birt Av,2,0,Residential
1952,Blaine,48,1,Mixed
1952,Blanchard,4,0,Residential
1952,Bleakley Av,16,0,Mixed
1952,Bluff,41,1,Residential
1952,Blunston Av,10,0,Residential
1952,Bolt,5,0,Residential
1952,Bonzo,10,0,Residential
1952,Borough Line,18,0,Residential
1952,Boston Av,30,0,Residential
1952,Boyles Av,102,3,Mixed
1952,Bradner Av,4,0,Residential
1952,Brentwood,15,0,Residential
1952,Bridge,8,3,Residential
1952,Brinton Av,7,0,Residential
1952,Brooklyn Av,24,0,Residential
1952,Bryson Road,12,0,Residential
1952,Buena Vista Way,35,1,Residential
1952,Burke,4,0,Residential
1952,Burns,5,0,Residential
1952,Butler Av,211,1,Mixed
1952,Butz Av,15,0,Residential
1952,Byers Av (East-West),4,2,Residential
1952,Caldwell Av,5,0,Residential
1952,Calvert,0,0,
1952,Cameron Av,15,0,Residential
1952,Canyon,17,0,Residential
1952,Carl,7,0,Residential
1952,Carlisle,43,2,Residential
1952,Carlsbad Place,6,0,Residential
1952,Carr Av,8,0,Residential
1952,Carson,16,0,Residential
1952,Cascade (North),58,2,Mixed
1952,Cascade (South),50,2,Mixed
1952,Cascade Blvd,14,0,Mixed
1952,Cass,5,0,Mixed
1952,Castle,7,0,Residential
1952,Castle Hill Manor,0,0,
1952,Cecil Ave,28,0,Residential
1952,Cedar (North),128,3,Mixed
1952,Cedar (South),37,0,Residential
1952,Centennial,14,0,Residential
1952,Centennial Av,1,0,Residential
1952,Center,31,3,Mixed
1952,Center Alley (East-West),18,0,Residential
1952,Central Square,0,0,
1952,Chartes (East-West),49,0,Mixed
1952,Cherry (East-West),117,5,Mixed
1952,Chestnut,81,0,Residential
1952,City Line,3,0,Residential
1952,Clarence Av,16,0,Residential
1952,Clayton (East-West),99,2,Mixed
1952,Clearview Av,11,0,Mixed
1952,Clen-Moore Blvd,59,0,Mixed
1952,Clen-Moore Blvd (West),27,2,Residential
1952,Cleveland Av,30,0,Residential
1952,Cliff,20,0,Residential
1952,Coates Av,8,0,Residential
1952,Cochran (North),14,3,Mixed
1952,Cochran (South),10,0,Mixed
1952,Conkle Av,7,0,Residential
1952,Conn,0,0,
1952,Conner Av,5,1,Residential
1952,Coolidge,1,0,Residential
1952,Cottage,7,0,Residential
1952,County Line,118,4,Mixed
1952,Court,128,4,Mixed
1952,Craig,3,0,Residential
1952,Crawford Av (North),67,1,Mixed
1952,Crawford Av (South),34,0,Residential
1952,Crawford Terrace,2,0,Residential
1952,Crescent Av,9,0,Residential
1952,Croton Av,439,14,Mixed
1952,Crow,10,0,Residential
1952,Cuba,24,18,Residential
1952,Culbertson Place,5,0,Residential
1952,Cumberland Av,17,0,Residential
1952,Cunningham Av,89,0,Mixed
1952,Darlington Av,4,0,Residential
1952,Decker Drive,2,2,
1952,Delaware Av,148,2,Residential
1952,Denver Av,21,0,Residential
1952,Deshon Village,22,4,Mixed
1952,Dewey Av,69,2,Residential
1952,Diamond (North),10,1,Residential
1952,Diamond (South),6,1,Mixed
1952,Dickson,6,0,Residential
1952,Dillworth Av,8,0,Residential
1952,Division (East-West),79,3,Mixed
1952,Duquesne Av,13,0,Residential
1952,Dushane,52,0,Residential
1952,East,75,7,Mixed
1952,East Main,35,0,Residential
1952,Eastbrook,29,0,Mixed
1952,Eddy,4,0,Residential
1952,Edgewood Av,80,3,Residential
1952,Edgewood Av (West),12,1,Residential
1952,Edison Av (East-West),60,1,Residential
1952,Eighth,9,1,Mixed
1952,Electric,50,0,Residential
1952,Elizabeth Av (East-West),59,4,Residential
1952,Ellis Way,5,1,Residential
1952,Ellsworth Way,2,0,Residential
1952,Elm,26,1,Mixed
1952,Elmwood,44,0,Residential
1952,Emerson Av,20,0,Residential
1952,Emery,9,0,Mixed
1952,Englewood Av,59,1,Residential
1952,English Av,47,1,Mixed
1952,Epworth,30,1,Residential
1952,Erie Av,16,0,Mixed
1952,Etna,31,1,Residential
1952,Euclid Av,115,4,Mixed
1952,Euclid Av (West),26,2,Mixed
1952,Fairfield Av,77,2,Residential
1952,Fairmont Av,92,3,Residential
1952,Fairmont Av (West),31,3,Mixed
1952,Fairview,5,1,Residential
1952,Falls (East-West),85,5,Mixed
1952,Federal,3,0,Residential
1952,Fern,20,0,Residential
1952,Fern,36,0,Mixed
1952,Fifth,2,0,Residential
1952,Finch,20,1,Residential
1952,First (North),2,0,Residential
1952,First (South),8,0,Residential
1952,Fleming Way,2,0,Residential
1952,Florence Av,26,0,Mixed
1952,Florence Av,2,0,Residential
1952,Forest,27,2,Residential
1952,Fourth,3,0,Residential
1952,Francis,6,0,Residential
1952,Francis Av,1,0,Residential
1952,Francis Place,11,0,Residential
1952,Frank Av,19,0,Mixed
1952,Frank Way,6,0,Mixed
1952,Franklin Av,43,1,Mixed
1952,Frazier Drive,14,3,Residential
1952,Friendship,50,1,Residential
1952,Front (North),12,2,Residential
1952,Front (South),18,1,Residential
1952,Fulkerson,14,0,Residential
1952,Fulton (East-West),24,2,Residential
1952,Furnace,1,0,Non-Residential
1952,Galbreath Av,52,0,Mixed
1952,Gardner Av,7,0,Mixed
1952,Gardner Lane,3,1,Residential
1952,Garfield Av (East-West),176,2,Mixed
1952,George,0,0,
1952,Gibson Av,4,0,Residential
1952,Gilmore,22,0,Mixed
1952,Glass,7,0,Mixed
1952,Glen Av,6,0,Residential
1952,Good Av,5,0,Residential
1952,Graceland Road,25,0,Mixed
1952,Grandview Av,47,4,Mixed
1952,Grandview Av,0,0,
1952,Grant Av (East-West),167,8,Mixed
1952,Green,30,1,Mixed
1952,Greenwood Av (North),14,0,Residential
1952,Greenwood Av (South),15,0,Mixed
1952,Gretchen Av,14,0,Residential
1952,Grigsby Av,8,0,Residential
1952,Grimes,11,0,Mixed
1952,Grove,13,1,Mixed
1952,Grove Av,7,1,Residential
1952,Guadalcanal Road,6,0,Residential
1952,Hale,1,0,Residential
1952,Hamilton,112,3,Residential
1952,Hanna,73,0,Mixed
1952,Harbor,41,1,Mixed
1952,Harbor Road,20,1,Mixed
1952,Harding Av,12,0,Mixed
1952,Harrison,77,0,Mixed
1952,Hart,14,2,Residential
1952,Hartman,9,0,Residential
1952,Haus Av,11,1,Residential
1952,Hawthorne Av,16,0,Residential
1952,Hazel,29,0,Residential
1952,Hazelcroft Av,83,5,Mixed
1952,Hazen,26,0,Residential
1952,Hemlock,6,0,Residential
1952,Herrick Av,3,2,Residential
1952,High,38,0,Residential
1952,High,7,0,Residential
1952,Highland Av,318,10,Mixed
1952,Highland Place,5,0,Residential
1952,Hill Row,5,0,Residential
1952,Hillcrest Av,122,6,Mixed
1952,Hillcrest Av (West),4,3,Residential
1952,Hiram Way,7,0,Residential
1952,Hobart,3,0,Non-Residential
1952,Holton,10,0,Residential
1952,Home (East-West),77,3,Mixed
1952,Homestead,3,0,Mixed
1952,Homestead,6,0,Residential
1952,Hoover Av,0,0,
1952,Howard Way,22,0,Mixed
1952,Huey,20,0,Residential
1952,Huron Av,89,0,Residential
1952,Hutchman,12,0,Residential
1952,Idlewild Drive,3,3,
1952,Industrial,3,0,Non-Residential
1952,Jackson,43,1,Mixed
1952,Jefferson (North),123,4,Mixed
1952,Jefferson (South),388,15,Mixed
1952,John,26,1,Residential
1952,Johnson,13,0,Residential
1952,Jones,2,0,Residential
1952,Junior High,18,0,Mixed
1952,Katherine,40,1,Residential
1952,Kenneth Av,36,3,Residential
1952,Kerr,16,2,Residential
1952,King Av,40,0,Residential
1952,King's Chapel Road,0,0,
1952,Knox,12,2,Residential
1952,Knox Av,24,0,Residential
1952,Kurtz,16,0,Residential
1952,Kurtz Place,4,0,Mixed
1952,Lacock (East-West),6,0,Mixed
1952,Lafayette (North),18,0,Mixed
1952,Lafayette (South),27,1,Mixed
1952,Lakeview Av,7,7,
1952,Lathrop,49,0,Residential
1952,Laurel Av (East-West),51,3,Mixed
1952,Laurel Blvd,52,2,Residential
1952,Laurel Place,10,0,Residential
1952,Lawrence (East-West),19,0,Mixed
1952,Leasure Av (East-West),153,3,Residential
1952,Lee Av (North),30,0,Residential
1952,Lee Av (South),30,2,Residential
1952,Levine Way,6,0,Residential
1952,Liberty (North),186,7,Mixed
1952,Liberty (South),42,2,Mixed
1952,Lincoln Av (East-West),122,13,Mixed
1952,Linden,0,0,
1952,Locust,43,1,Mixed
1952,Logan,8,0,Residential
1952,Long Av (East-West),340,16,Mixed
1952,Loraine Av,40,1,Residential
1952,Lowry,6,0,Residential
1952,Ludwig Road,8,0,Mixed
1952,Lutton (East-West),153,1,Residential
1952,Lyndal,59,2,Mixed
1952,Mabel,14,1,Residential
1952,Madison Av (East-West),104,0,Mixed
1952,Magee,10,0,Residential
1952,Mahoning Av,58,1,Mixed
1952,Main,0,0,
1952,Maitland,26,1,Mixed
1952,Maitland Lane,65,0,Mixed
1952,Manor Av,2,0,Residential
1952,Maple,16,0,Mixed
1952,Maple (East-West),5,1,Mixed
1952,Maple Drive,12,0,Residential
1952,Margaret,1,0,Non-Residential
1952,Marion Court,2,0,Residential
1952,Market (East-West),4,1,Non-Residential
1952,Marshall,47,0,Mixed
1952,Marshall,6,0,Residential
1952,Martha,49,2,Mixed
1952,Martin Av,39,0,Residential
1952,Maryland Av,81,3,Residential
1952,Matilda Av,33,0,Mixed
1952,McCarty Lane,3,0,Residential
1952,McClain Av,4,0,Residential
1952,McCleary Av,15,0,Mixed
1952,McClelland Av,35,1,Residential
1952,McCready Place,6,0,Residential
1952,McKinley,1,0,Non-Residential
1952,Meadow,2,0,Residential
1952,Mechanic,4,1,Non-Residential
1952,Meegan Av,6,0,Residential
1952,Melrose Av,5,1,Residential
1952,Mercer (North),349,19,Mixed
1952,Mercer (South),105,4,Mixed
1952,Meyer Av,91,1,Mixed
1952,Meyer Av (West),31,1,Residential
1952,Midway Island Circle,0,0,
1952,Mill (North),175,6,Mixed
1952,Mill (South),282,14,Mixed
1952,Miller (East-West),43,0,Mixed
1952,Miller Av,34,0,Mixed
1952,Miller Road,0,0,
1952,Miller Road (South),2,1,Residential
1952,Mills Way,16,0,Residential
1952,Milton,40,1,Residential
1952,Milton Way (South),0,0,
1952,Mitchel,0,0,
1952,Monroe,21,1,Residential
1952,Montgomery Av,41,1,Residential
1952,Moody Ave (East-West),144,3,Mixed
1952,Moore Ave,23,0,Residential
1952,Moravia,201,9,Mixed
1952,Moravia Road,14,1,Residential
1952,Morehead Av,13,0,Residential
1952,Morris,77,0,Mixed
1952,Morton,70,0,Mixed
1952,Motor,15,0,Residential
1952,MtPleasant,10,0,Mixed
1952,Mulberry (North),26,0,Residential
1952,Mulberry (South),20,0,Residential
1952,National,13,0,Residential
1952,Neal,27,0,Mixed
1952,Nemo,7,0,Mixed
1952,Neshannock Av,245,8,Mixed
1952,Neshannock Bank,3,1,Residential
1952,Neshannock Blvd,47,1,Mixed
1952,Newell Av,34,0,Mixed
1952,Norris (North),10,1,Mixed
1952,Norris (South),0,0,
1952,North (East-West),275,9,Mixed
1952,Northview Av,10,0,Residential
1952,Northview Av,81,0,Mixed
1952,Northview Av (West),37,3,Residential
1952,Norwood Av,56,0,Residential
1952,Nutt,1,0,Non-Residential
1952,Oak,67,0,Mixed
1952,Oakland Av,19,0,Mixed
1952,Oakwood Av,22,0,Residential
1952,Oakwood Way,22,2,Mixed
1952,O'Brien Av,12,0,Residential
1952,Okinawa Drive,9,0,Residential
1952,Old Butler Road,0,0,
1952,Old Long Av,8,0,Residential
1952,Old Pittsburgh Road,25,1,Mixed
1952,Old Plank Road,39,3,Residential
1952,Orchard (East-West),4,0,Residential
1952,Orchard Way,11,0,Residential
1952,Orlando Av,11,0,Residential
1952,Osage,2,0,Residential
1952,Park Av,146,1,Mixed
1952,Park Lane,3,0,Residential
1952,Patterson Av,10,0,Residential
1952,Paul,3,0,Residential
1952,Pearl,21,0,Residential
1952,Pearl (West),3,2,Residential
1952,Pearson,126,2,Mixed
1952,Pearson Mill Road,2,0,Residential
1952,Pennsylvania Av,116,2,Residential
1952,Pennsylvania Av Ext,11,0,Residential
1952,Phillips,25,1,Residential
1952,Phillips Place,10,0,Residential
1952,Pine,67,0,Residential
1952,Plum,0,0,
1952,Point Place,3,0,Residential
1952,Pollock Av,62,1,Mixed
1952,Poplar,6,0,Residential
1952,Porter,8,0,Residential
1952,Power,8,1,Mixed
1952,Preston Av,15,0,Mixed
1952,Produce,17,1,Mixed
1952,Prospect,13,0,Residential
1952,Pulaski Road,43,1,Residential
1952,Quay,0,0,
1952,Quest,34,2,Mixed
1952,Rabbit Av,4,1,Residential
1952,Race (East-West),1,0,
1952,Randolph,45,0,Residential
1952,Ranney Av (East-West),12,0,Residential
1952,Ray (North),54,0,Mixed
1952,Ray (South),105,0,Mixed
1952,Raymond,29,1,Mixed
1952,Rebecca,15,2,Mixed
1952,Rebecca Way,10,0,Mixed
1952,Reiber,2,0,Residential
1952,Reis,14,0,Mixed
1952,Reynolds (East-West),154,2,Mixed
1952,Rhodes Place,9,3,Residential
1952,Richelieu Av,32,1,Residential
1952,Ridge,8,0,Residential
1952,Ridge Av,9,0,Residential
1952,Ridge Av,2,0,Mixed
1952,Rigby,5,0,Residential
1952,Riverview Av,16,0,Mixed
1952,Robinson,13,0,Residential
1952,Robinson Lane,3,0,Residential
1952,Robinwood,14,0,Residential
1952,Rock Av,0,0,
1952,Roosevelt,13,0,Residential
1952,Rose Av,71,1,Mixed
1952,Rosedale,8,1,Residential
1952,Round (North),7,0,Mixed
1952,Round (South),17,0,Residential
1952,Roy Drive,6,2,Residential
1952,Rural Av,0,0,
1952,Ryan Av,41,2,Residential
1952,Sampson,84,7,Mixed
1952,Sankey,13,0,Residential
1952,Savannah Road,11,0,Residential
1952,Schenley,22,0,Residential
1952,Schley,2,0,Residential
1952,School,3,0,Residential
1952,Scioto,53,1,Mixed
1952,Scotland Lane,47,5,Mixed
1952,Scott (North),29,0,Residential
1952,Scott (South),10,0,Residential
1952,Second,4,0,Residential
1952,Sernett,0,0,
1952,Service,7,1,Residential
1952,Seventh,3,0,Residential
1952,Shady Side,38,0,Residential
1952,Sharp (East-West),15,0,Residential
1952,Shaw,49,0,Residential
1952,Sheets,6,0,Residential
1952,Shenango (North),39,0,Mixed
1952,Shenango (South),2,1,Non-Residential
1952,Sheridan Av (East-West),138,0,Residential
1952,Sherman,1,0,Non-Residential
1952,Shira,2,0,Residential
1952,Short,3,0,Residential
1952,Sixth,10,0,Residential
1952,Slate,5,0,Residential
1952,Smith,7,0,Residential
1952,Smithfield,97,1,Mixed
1952,South (East-West),32,2,Mixed
1952,South New Castle Burough,0,0,
1952,Southview Av,5,0,Residential
1952,Spring,22,1,Residential
1952,Spring Garden,6,0,Residential
1952,Spruce,54,2,Mixed
1952,Stanton Av,15,1,Mixed
1952,Stanton Av,2,0,Residential
1952,State,169,3,Mixed
1952,Stewart,1,0,Residential
1952,Stewart Place,6,0,Residential
1952,Summit,22,0,Residential
1952,Sumner,72,0,Mixed
1952,Sunny Av,8,1,Residential
1952,Superior,56,2,Residential
1952,Swansea Av (East-West),2,0,Residential
1952,Swansea Av (South),0,0,
1952,Sycamore,21,1,Residential
1952,Sycamore (East-West),6,0,Mixed
1952,Syling,6,0,Residential
1952,Taylor,47,1,Mixed
1952,Tempalena (East-West),16,0,Residential
1952,Temple Av,31,0,Residential
1952,Terrace Av (East-West),54,0,Mixed
1952,Third,2,0,Residential
1952,Thorpe,25,2,Residential
1952,Tremont,3,0,Residential
1952,Treser Av (East-West),10,0,Residential
1952,Tucker Way,2,0,Residential
1952,Tulagi Way,6,0,Residential
1952,Uber Av,20,0,Residential
1952,Underwood,16,0,Residential
1952,Union,2,0,Residential
1952,Union Av,2,0,Residential
1952,Valentine,1,0,Non-Residential
1952,Valley,5,0,Residential
1952,Vesta,0,0,
1952,Vine (North),37,0,Mixed
1952,Vine (South),11,0,Mixed
1952,Vogan Av,34,1,Mixed
1952,Wabash Av (East-West),50,1,Residential
1952,Waldo,55,0,Residential
1952,Walker,0,0,
1952,Wallace Av (East-West),174,4,Mixed
1952,Walls,6,0,Residential
1952,Walmo,0,0,
1952,Walmo-Eastbrook Road,0,0,
1952,Walnut (North),59,2,Residential
1952,Walnut (South),61,4,Mixed
1952,Walter,13,0,Residential
1952,Warner Alley,6,0,Residential
1952,Warner Av,39,2,Mixed
1952,Washington (East-West),1273,34,Mixed
1952,Water,6,0,Mixed
1952,Wayne (North),15,0,Residential
1952,Wayne (South),18,0,Residential
1952,Weaver,12,1,Residential
1952,Weinberg,3,0,Residential
1952,Wellsley,2,0,Residential
1952,West Av,5,0,Residential
1952,West Park Way,17,1,Residential
1952,West Pittsburgh Road,0,0,
1952,Whippo,21,1,Residential
1952,White,4,0,Mixed
1952,Whitney Av,0,0,
1952,Wick,10,0,Residential
1952,Wilder Av,11,0,Residential
1952,Wildwood Av,24,0,Residential
1952,Willard Av,5,0,Residential
1952,Williams,28,0,Residential
1952,Williams,3,0,Residential
1952,Williams,1,0,Residential
1952,Willowbrook Road,31,4,Residential
1952,Wilmington Av,276,8,Mixed
1952,Wilson Av,58,1,Mixed
1952,Wilson Road,0,0,
1952,Winslow,63,0,Mixed
1952,Winter Av (East-West),119,6,Mixed
1952,Wolfe,10,1,Residential
1952,Wood,12,1,Residential
1952,Wood Av,0,0,
1952,Woodland Av,9,0,Residential
1952,Woodland Drive,4,0,Residential
1952,Woodrow,4,1,Residential
1952,Woods,9,0,Residential
1952,Wooley,18,0,Residential
1952,Worthington Av (West),42,3,Residential
1952,Yoho,7,1,Residential
1952,Young,36,0,Mixed
1973,Acorn,12,0,Residential
1973,Adams,105,0,Mixed
1973,Addis,32,2,Residential
1973,Adella,1,0,Residential
1973,Agnew,29,1,Residential
1973,Albert,47,2,Mixed
1973,Alborn Av,14,1,Residential
1973,Alborn Mill Road,0,0,
1973,Allegheny Av,33,0,Residential
1973,Allen,24,2,Mixed
1973,Almira,16,1,Residential
1973,Altman Road,41,1,Residential
1973,Alvaretta Blvd,9,0,Residential
1973,Andrew,5,0,Residential
1973,Ann,3,0,Residential
1973,Appleway (North),7,0,Non-Residential
1973,Appleway (South),3,1,Mixed
1973,Arch (East),1,0,Residential
1973,Arlington Av,68,5,Mixed
1973,Ashland Av (North),54,0,Residential
1973,Ashland Av (South),19,1,Mixed
1973,Atkinson,19,1,Residential
1973,Atlantic Av,44,5,Mixed
1973,Auburn Av,0,0,
1973,Audley,49,0,Residential
1973,Avalon Drive,37,0,Residential
1973,Balph Av (East-West),35,1,Residential
1973,Barbour Place,14,0,Residential
1973,Bartram Av,20,0,Residential
1973,Basilone Drive,11,0,Residential
1973,Beatrice,3,0,Residential
1973,Beatty Av,5,0,Residential
1973,Beaver (North),173,5,Mixed
1973,Beaver (South),40,2,Mixed
1973,Becker Av,9,1,Residential
1973,Beckford,105,1,Mixed
1973,Beech,4,2,Residential
1973,Beechwood Way,2,0,Residential
1973,Bell Av,50,4,Mixed
1973,Bellaire Drive,31,0,Residential
1973,Bellview Av,9,0,Residential
1973,Belmont,2,0,Residential
1973,Berger,12,0,Mixed
1973,Berger Place,11,0,Residential
1973,Big Run (East-West),18,1,Mixed
1973,Birchcrest Drive,4,0,Residential
1973,Birt Av,2,0,Residential
1973,Blackstone Drive,9,2,Residential
1973,Blaine,40,3,Residential
1973,Blair Drive,2,0,Residential
1973,Blanchard,3,0,Residential
1973,Bleakley Av,18,1,Residential
1973,Blossom Lane,21,0,Residential
1973,Bluff,38,0,Residential
1973,Blunston Av,10,1,Residential
1973,Bolt,4,0,Residential
1973,Bonzo,10,0,Residential
1973,Booker Drive,36,1,Residential
1973,Borough Line,19,0,Residential
1973,Boston Av,34,1,Residential
1973,Botham,4,0,Residential
1973,Boyles Av,113,7,Residential
1973,Bradner Av,3,0,Residential
1973,Brentwood,14,0,Residential
1973,Brigadon Lane,14,0,Residential
1973,Brinton Av,1,0,Residential
1973,Brooklyn Av,21,0,Residential
1973,Brown,9,0,Residential
1973,Bryson Mill Road,16,2,Residential
1973,Buena Vista Way,39,1,Residential
1973,Burke,4,0,Residential
1973,Burns,11,0,Residential
1973,Butler Av,206,9,Mixed
1973,Butz Av,28,0,Mixed
1973,Byers Av (East-West),17,1,Mixed
1973,Cadet,11,1,Residential
1973,Caldwell Av,4,0,Residential
1973,Calvert,0,0,
1973,Cameron Av,31,0,Residential
1973,Canyon,18,1,Residential
1973,Carl,6,0,Residential
1973,Carlisle,42,0,Residential
1973,Carlsbad Place,9,2,Residential
1973,Carr Av,8,0,Residential
1973,Carson,14,2,Residential
1973,Cascade (North),74,2,Mixed
1973,Cascade (South),81,3,Mixed
1973,Cascade Blvd,9,1,Residential
1973,Cass,5,0,Mixed
1973,Castle,15,0,Residential
1973,Castle Hill Manor,0,0,
1973,Cecil Ave,33,0,Residential
1973,Cedar (North),104,6,Mixed
1973,Cedar (South),36,0,Residential
1973,Centennial,14,0,Residential
1973,Centennial,2,0,Residential
1973,Center Alley (East-West),2,0,Residential
1973,Central Square,0,0,
1973,Chapin Road,14,0,Residential
1973,Chartes Drive,14,1,Residential
1973,Chartes (East-West),47,0,Mixed
1973,Cherry (East-West),116,8,Mixed
1973,Chestnut,75,5,Mixed
1973,Circle Drive,4,0,Residential
1973,City Line,4,1,Residential
1973,Clarence Av,21,0,Residential
1973,Clayton (East-West),100,3,Mixed
1973,Clearview Av,12,0,Residential
1973,Clen-Moore Blvd,70,0,Mixed
1973,Clen-Moore Blvd (West),30,2,Mixed
1973,Cleveland Av,24,1,Residential
1973,Cliff,16,3,Residential
1973,Coaltown Road,0,0,
1973,Coates Av,15,0,Residential
1973,Cochran Way North),34,6,Mixed
1973,Cochran Way (South),3,0,Residential
1973,Colonial Drive,1,0,Residential
1973,Conkle Av,7,0,Residential
1973,Conn,0,0,
1973,Conner Av,7,0,Residential
1973,County Line,109,13,Mixed
1973,Court,105,10,Mixed
1973,Craig,1,0,Residential
1973,Cranbrook Drive,0,0,
1973,Crawford Av (North),54,3,Mixed
1973,Crawford Av (South),30,5,Residential
1973,Crawford Terrace,2,0,Residential
1973,Crescent Av,10,1,Residential
1973,Crestwood Drive,38,1,Residential
1973,Crocker Lane,3,0,Residential
1973,Croton Av,339,39,Mixed
1973,Crow,18,0,Residential
1973,Cuba,12,0,Residential
1973,Culbertson Place,6,4,Residential
1973,Cumberland Av,15,1,Residential
1973,Cunningham Av,79,2,Mixed
1973,Daniel Road,0,0,
1973,Darlington Av,4,1,Residential
1973,Davies Av,2,0,Residential
1973,Dean Drive,7,0,Residential
1973,Decker Drive,27,0,Mixed
1973,Decorath Lane,4,0,Residential
1973,Delaware Av,148,3,Residential
1973,Denver Av,21,2,Residential
1973,Dewey Av,72,4,Mixed
1973,Diamond (North),1,0,Residential
1973,Diana Drive,3,0,Residential
1973,Dickson,6,2,Residential
1973,Dillworth Av,8,3,Mixed
1973,Division (East-West),84,7,Mixed
1973,Doris,4,0,Residential
1973,Dougherty Road,3,0,Residential
1973,Duquesne Av,14,0,Residential
1973,Dushane,51,1,Mixed
1973,East,37,1,Mixed
1973,East Lynne,26,0,Mixed
1973,East Main,33,2,Mixed
1973,Eastbrook,36,0,Mixed
1973,Eddy,4,2,Residential
1973,Edgewood Av,101,2,Residential
1973,Edgewood Av (West),16,0,Residential
1973,Edison Av (East-West),61,1,Residential
1973,Eighth,10,0,Mixed
1973,Elder Av,1,0,Residential
1973,Eldogor Lane,3,0,Residential
1973,Electric,44,2,Residential
1973,Elizabeth Av (East-West),112,2,Residential
1973,Ellsworth Way,1,0,Residential
1973,Ellwood Road,0,0,
1973,Elm,20,5,Mixed
1973,Elmwood,38,1,Mixed
1973,Emerson Av,20,3,Residential
1973,Emery,8,0,Residential
1973,Engine House Way,12,0,Residential
1973,Englewood Av,59,2,Residential
1973,Englewood Av (West),9,0,Mixed
1973,English Av,45,4,Mixed
1973,Epworth,26,2,Residential
1973,Erie Av,15,1,Residential
1973,Etna,33,2,Residential
1973,Euclid Av,117,5,Mixed
1973,Euclid Av (West),29,1,Mixed
1973,Evergreen Av,16,0,Residential
1973,Faddis Av,15,0,Mixed
1973,Fairfield Av,81,0,Residential
1973,Fairfield Av (West),6,1,Residential
1973,Fairgreen Av,8,0,Residential
1973,Fairhill Drive,16,0,Residential
1973,Fairmont Av,116,3,Residential
1973,Fairmont Av (West),46,0,Mixed
1973,Fairview,5,0,Residential
1973,Falls (East-West),54,10,Mixed
1973,Falls Av,38,2,Residential
1973,Federal,4,0,Residential
1973,Fern,19,0,Residential
1973,Fern,37,1,Mixed
1973,Fernwood Lane,9,0,Residential
1973,Fifth,5,0,Residential
1973,Finch,19,0,Mixed
1973,First (North),2,0,Residential
1973,First (South),8,0,Residential
1973,Fleming Way,2,1,Residential
1973,Florence Av,30,3,Mixed
1973,Florence Av,2,0,Residential
1973,Forest,25,3,Residential
1973,Forestview Drive,1,0,Residential
1973,Fourth,3,0,Residential
1973,Fowler Lane,5,0,Residential
1973,Francis,6,1,Residential
1973,Francis Av,2,0,Residential
1973,Francis Place,10,1,Residential
1973,Frank Av,28,0,Mixed
1973,Frank Way,4,0,Mixed
1973,Franklin Av,44,1,Residential
1973,Frazier Drive,23,0,Residential
1973,Frew Mill Road,13,1,Mixed
1973,Friendship,49,2,Mixed
1973,Front (North),5,2,Residential
1973,Front (South),13,3,Residential
1973,Fruitland Drive,13,0,Residential
1973,Fulkerson,11,2,Residential
1973,Fulton (East-West),18,1,Residential
1973,Furnace,1,0,Non-Residential
1973,Galbreath Av,48,4,Residential
1973,Gardner Av,3,0,Non-Residential
1973,Gardner Lane,4,0,Residential
1973,Garfield Av (East-West),179,6,Mixed
1973,Gayle,6,0,Residential
1973,George,1,0,Non-Residential
1973,Gibson Av,4,0,Residential
1973,Gilmore,28,0,Residential
1973,Glass,7,0,Mixed
1973,Glen Av,6,0,Residential
1973,Glendale,1,0,Residential
1973,Good Av,4,0,Residential
1973,Graceland Road,28,1,Mixed
1973,Graham Av,7,0,Residential
1973,Grandview Av,6,0,Non-Residential
1973,Grandview Av,60,1,Residential
1973,Grant (East-West),127,20,Mixed
1973,Green,36,7,Residential
1973,Greenwood Av (North),15,0,Residential
1973,Greenwood Av (South),13,1,Mixed
1973,Grenway Road,0,0,
1973,Gretchen Av,23,0,Residential
1973,Grigsby Av,13,0,Residential
1973,Grimes,12,1,Residential
1973,Grove,11,1,Mixed
1973,Grove Av,14,1,Mixed
1973,Guadalcanal Road,11,0,Residential
1973,Halco Drive,72,2,Residential
1973,Hale,1,0,Residential
1973,Hamilton,102,9,Mixed
1973,Hanna,76,0,Residential
1973,Harbor,35,3,Mixed
1973,Harbor Road,22,3,Mixed
1973,Harding Av,17,1,Mixed
1973,Harlansburg Road,33,2,Mixed
1973,Harrison,73,2,Residential
1973,Hart,16,0,Residential
1973,Hartman,7,0,Residential
1973,Haus Av,12,0,Residential
1973,Hawthorne Av,17,1,Residential
1973,Hazel,37,0,Residential
1973,Hazelcroft Av,111,1,Residential
1973,Hazelcroft Av (West),12,0,Residential
1973,Hazen,52,0,Residential
1973,Hemlock,6,0,Residential
1973,Herrick Av,17,0,Residential
1973,High,36,5,Residential
1973,High,7,0,Residential
1973,High view drive,9,0,Residential
1973,Highland Av,322,17,Mixed
1973,Highland Place,3,1,Residential
1973,Hill Row,0,0,
1973,Hillcrest Av,141,0,Mixed
1973,Hillcrest Av (West),10,0,Residential
1973,Hobart,4,0,Mixed
1973,Holton,0,0,
1973,Home (East-West),64,3,Residential
1973,Homestead,0,0,
1973,Homestead,5,0,Residential
1973,Hoover Av,0,0,
1973,Howard Way,16,3,Mixed
1973,Huey,19,0,Residential
1973,Huron Av,89,0,Mixed
1973,Hutchinson,5,1,Residential
1973,Idlewild Drive,56,0,Residential
1973,Industrial,6,1,Non-Residential
1973,Jackson,58,1,Mixed
1973,Jefferson (North),109,7,Mixed
1973,Jefferson (South),215,12,Mixed
1973,John,29,2,Residential
1973,Johnson,28,3,Residential
1973,Jones,2,0,Residential
1973,Junior High,15,1,Mixed
1973,Katherine,38,4,Residential
1973,Kenneth Av,47,0,Residential
1973,Kerr,15,0,Residential
1973,King Av,37,4,Mixed
1973,King's Chapel Road,0,0,
1973,Know Av,27,0,Residential
1973,Kurtz,13,2,Residential
1973,Kurtz Place,5,0,Mixed
1973,Lacock (East-West),7,1,
1973,Lafayette (North),18,0,Residential
1973,Lafayette (South),29,3,Mixed
1973,Lake Drive,11,0,Residential
1973,Lakeview Av,18,0,Residential
1973,Lanewood Drive,21,1,Residential
1973,Lathrop,51,2,Residential
1973,Lattavo Drive,36,0,Residential
1973,Laurel Av (East-West),45,2,Residential
1973,Laurel Blvd,54,0,Residential
1973,Laurel Place,18,1,Residential
1973,Lawnview Av,17,1,Residential
1973,Lawrence (East),1,0,Non-Residential
1973,Leasure Av (East-West),173,4,Mixed
1973,Lee Av (North),28,1,Residential
1973,Lee Av (South),35,1,Residential
1973,Liberty (North),162,19,Mixed
1973,Liberty (South),35,5,Mixed
1973,Lilac Road,8,0,Residential
1973,Lincoln Av (East-West),138,9,Mixed
1973,Linden,6,1,Residential
1973,Line Road,4,0,Residential
1973,Locust,52,2,Mixed
1973,Locust Lane Drive,1,0,Residential
1973,Logan,8,0,Residential
1973,Long Av (East-West),263,67,Mixed
1973,Loraine Av,39,6,Residential
1973,Lowry,3,0,Residential
1973,Ludwig Road,11,0,Mixed
1973,Lutton (East-West),141,5,Mixed
1973,Lyndall,56,6,Mixed
1973,Mabel,14,0,Residential
1973,Madison Av (East-West),104,5,Mixed
1973,Madonna Cemetary Road,1,0,Non-Residential
1973,Magee,11,0,Residential
1973,Mahoning Av,38,6,Mixed
1973,Main,0,0,
1973,Maitland,19,0,Mixed
1973,Maitland Lane (East-West),111,1,Mixed
1973,Manor Av,10,0,Residential
1973,Mapeat Lane,24,0,Residential
1973,Maple,14,1,Mixed
1973,Maple (East-West),4,0,Mixed
1973,Maple Drive,15,1,Mixed
1973,Margaret,2,0,Non-Residential
1973,Marie Drive,4,0,Residential
1973,Marion Court,0,0,
1973,Market Way (East),3,1,Mixed
1973,Marshall,49,0,Residential
1973,Marshall,5,0,Residential
1973,Martha,43,0,Residential
1973,Martin,35,4,Residential
1973,Martin Luther King Village,18,4,Residential
1973,Maryland Av,75,0,Residential
1973,Matilda Av,35,1,Mixed
1973,McCarty Lane,10,0,Residential
1973,McClain Av,5,1,Residential
1973,McCleary Av,19,2,Residential
1973,McClelland Av,38,1,Residential
1973,McCracken Drive,0,0,
1973,McCready Place,0,0,
1973,McGrath Av,30,1,Residential
1973,McKinley,1,0,Non-Residential
1973,Meadow,2,0,Residential
1973,Meadowbrook Drive,11,0,Residential
1973,Mechanic,3,0,Non-Residential
1973,Meegan Av,13,1,Residential
1973,Melrose Av,8,0,Residential
1973,Melvin Drive,10,0,Residential
1973,Mercer (North),298,19,Mixed
1973,Mercer (South),84,3,Mixed
1973,Mercer Road,123,8,Mixed
1973,Mercer Extension (North),1,0,Residential
1973,Meyer Av,103,1,Mixed
1973,Meyer Av (West),42,1,Residential
1973,Midway Island Circle,3,0,Residential
1973,Mill (North),134,14,Mixed
1973,Mill (South),236,62,Mixed
1973,Miller (East-West),37,0,Mixed
1973,Miller Av,41,1,Residential
1973,Miller Road,0,0,
1973,Miller Road (South),20,1,Residential
1973,Mills Way,19,2,Residential
1973,Milton,23,2,Residential
1973,Milton Way,0,0,
1973,Mission Meade Drive,26,0,Residential
1973,Mitchell,0,0,
1973,Monroe,18,0,Residential
1973,Montgomery Av,38,1,Mixed
1973,Moody Ave (East-West),303,11,Mixed
1973,Moore Ave,31,4,Residential
1973,Moravia,153,19,Mixed
1973,Morehead Av,14,0,Residential
1973,Morris,85,3,Mixed
1973,Morton,59,2,Mixed
1973,Motor,19,0,Mixed
1973,MtPleasant,12,0,Residential
1973,Mulberry (North),25,2,Residential
1973,Mulberry (South),17,2,Residential
1973,Mustang Av,4,0,Residential
1973,National,13,0,Residential
1973,Neal,26,3,Mixed
1973,Nemo,4,1,Residential
1973,Nesbitt Av,0,0,
1973,Neshannock Av,3,1,Non-Residential
1973,Neshannock Blvd,53,1,Mixed
1973,New Butler Road,14,1,Mixed
1973,Newell Av,18,2,Mixed
1973,Norris Way (North),0,0,
1973,North (East-West),151,20,Mixed
1973,Northview Av,10,0,Residential
1973,Northview Av,89,0,Residential
1973,Northview Av (West),51,1,Residential
1973,Norwood Av,61,2,Residential
1973,Nutt,1,0,Non-Residential
1973,Oak,62,6,Residential
1973,Oak Park Lane,12,0,Residential
1973,Oakland Av,13,1,Mixed
1973,Oakwood Av,26,0,Residential
1973,Oakwood Way (East-West),49,0,Mixed
1973,O'Brien Av,2,0,Residential
1973,Okinawa Drive,25,0,Residential
1973,Old Butler Road,0,0,
1973,Old Long Av,8,1,Residential
1973,Old Pittsburgh Road,39,0,Mixed
1973,Old Plank Road,56,2,Mixed
1973,Old Princeton Road,16,0,Residential
1973,Orchard (East-West),4,1,Residential
1973,Orchard Way,14,2,Residential
1973,Orlando Av,14,0,Residential
1973,Osage,1,0,Residential
1973,Park Av,149,2,Mixed
1973,Park Lane,8,0,Residential
1973,Parkwood Court,32,0,Residential
1973,Patterson Av,9,2,Residential
1973,Paul,14,0,Mixed
1973,Pearl,21,0,Residential
1973,Pearl (West),12,0,Residential
1973,Pearson,88,4,Mixed
1973,Pearson Mill Road,2,0,Residential
1973,Pennsylvania Av,107,11,Mixed
1973,Pennsylvania Av Ext,7,1,Mixed
1973,Phillips,27,2,Mixed
1973,Phillips Place,8,1,Residential
1973,Pin Oak Drive,73,0,Residential
1973,Pine,60,4,Residential
1973,Pinehurst Drive,13,0,Residential
1973,Plum,0,0,
1973,Point Place,3,0,Residential
1973,Pollock Av,59,2,Mixed
1973,Poplar,6,1,Residential
1973,Porter,8,4,Residential
1973,Power,1,0,Non-Residential
1973,Preston Av,0,1,
1973,Produce,9,2,Mixed
1973,Prospect,15,0,Residential
1973,Pulaski Road,56,2,Mixed
1973,Quay,0,0,
1973,Quest,4,0,Residential
1973,Rabbit Av,2,0,Residential
1973,Race (East),0,0,
1973,Randolph,47,0,Residential
1973,Ranney Av (East-West),9,1,Mixed
1973,Ray (North),52,1,Residential
1973,Ray (South),105,5,Mixed
1973,Raymond,25,0,Residential
1973,Rebecca,14,1,Mixed
1973,Rebecca Way,5,0,Mixed
1973,Reiber,0,0,
1973,Reis,28,0,Mixed
1973,Reynolds (East-West),133,13,Mixed
1973,Rhodes Place,11,1,Mixed
1973,Richelieu Av,31,2,Residential
1973,Richview Drive,9,2,Residential
1973,Ridge,7,0,Residential
1973,Ridge Av,10,1,Residential
1973,Ridge Av,1,0,Non-Residential
1973,Ridgelawn Av,13,1,Residential
1973,Ridgewood Court (East-West),37,0,Residential
1973,Ridgewood Court (South),11,0,Residential
1973,Ridgewood Drive,6,1,Mixed
1973,Rigby,1,0,Residential
1973,Riverview Av,13,2,Residential
1973,Robinson,9,2,Residential
1973,Robinson Lane,2,0,Residential
1973,Robinwood,14,0,Residential
1973,Rock Av,0,0,
1973,Roosevelt,26,0,Mixed
1973,Rose Av,76,0,Mixed
1973,Rosedale,8,0,Residential
1973,Round (North),7,1,Residential
1973,Round (South),21,1,Residential
1973,Roy Drive,12,0,Residential
1973,Rutgers Drive,7,0,Residential
1973,Ruth,25,0,Residential
1973,Ryan Av,46,2,Residential
1973,Sampson,68,6,Mixed
1973,Sankey,7,2,Residential
1973,Sankey Lane,9,0,Residential
1973,Savannah Road,29,0,Residential
1973,Schenley Av,24,0,Residential
1973,Schley (North),2,0,Residential
1973,Schley (South),0,0,
1973,School,1,0,Residential
1973,Scioto,32,6,Residential
1973,Scotland Lane (North),61,0,Residential
1973,Scotland Lane (South),40,0,Mixed
1973,Scott (North),31,0,Residential
1973,Scott (South),12,0,Residential
1973,Second,5,1,Residential
1973,Sennett,0,0,Residential
1973,Service,8,0,Mixed
1973,Seventh,18,1,Residential
1973,Shady Side,28,0,Mixed
1973,Shadylane Drive (East-West),26,0,Residential
1973,Shadylane Drive (North),7,0,Residential
1973,Sharp (East-West),16,1,Residential
1973,Shaw,48,5,Residential
1973,Sheets,6,0,Residential
1973,Shenango (North),34,1,Mixed
1973,Shenango Road,53,5,Residential
1973,Sheridan Av (East-West),158,4,Mixed
1973,Sherman,0,0,
1973,Shira,2,0,Residential
1973,Short,1,0,Residential
1973,Sixth,11,0,Residential
1973,Slate,3,0,Residential
1973,Smith,7,0,Residential
1973,Smith Lane,4,0,Residential
1973,Smithfield,99,3,Mixed
1973,South (East-West),3,0,Non-Residential
1973,South New Castle Burough,0,0,
1973,Southview Av,6,0,Residential
1973,Spiner Av,9,1,Residential
1973,Spring,22,1,Residential
1973,Spring Garden Av,16,0,Residential
1973,Spruce,47,4,Residential
1973,Stanton Av,15,0,Mixed
1973,Stanton Av,5,1,Residential
1973,State,150,12,Mixed
1973,Steinbrink,16,0,Residential
1973,Stewart,0,0,
1973,Stewart Place,6,0,Residential
1973,Summit,25,0,Residential
1973,Summit View Drive,21,0,Mixed
1973,Sumner Av,82,0,Residential
1973,Sunny Av,35,1,Residential
1973,Sunset Drive,20,1,Residential
1973,Sunset Drive (East),2,0,Residential
1973,Superior,43,2,Mixed
1973,Swansea Av (East-West),2,0,Mixed
1973,Swansea Av (South),0,0,
1973,Sycamore,21,1,Residential
1973,Sycamore (East-West),2,0,Non-Residential
1973,Syling,6,0,Residential
1973,Taylor,52,3,Mixed
1973,Tempalena Av (East-West),21,0,Residential
1973,Temple Av,31,0,Residential
1973,Terrace Av (East-West),51,5,Mixed
1973,Third,2,0,Residential
1973,Thornhill Drive,22,0,Residential
1973,Thorpe,26,0,Residential
1973,Town Mall,34,3,Non-Residential
1973,Tremont,5,0,Residential
1973,Treser Av (East-West),8,1,Residential
1973,Tucker Way,2,0,Residential
1973,Tulagi Way,7,0,Residential
1973,Uber Av,19,2,Residential
1973,Underwood,15,0,Residential
1973,Union,2,0,Residential
1973,Union Av,3,0,Residential
1973,Upland Drive,14,0,Residential
1973,Valentine,1,0,Non-Residential
1973,Valley,3,0,Residential
1973,Vesta,0,0,
1973,Vine (North),56,3,Mixed
1973,Vine (South),8,0,Residential
1973,Virginia Av,0,0,
1973,Vogan Av,50,0,Mixed
1973,Wabash Av (East-West),45,3,Residential
1973,Waldo,55,4,Residential
1973,Walker,0,0,
1973,Wallace Av (East-West),151,3,Mixed
1973,Walls,6,0,Residential
1973,Walmo,0,0,
1973,Walmo-Eastbrook Road,0,0,
1973,Walnut (North),46,2,Residential
1973,Walnut (South),69,10,Residential
1973,Walter,14,0,Residential
1973,Warner Alley,7,1,Residential
1973,Warner Av,66,1,Residential
1973,Washington (East-West),964,122,Mixed
1973,Water,3,0,Mixed
1973,Wayne (North),15,0,Residential
1973,Wayne (South),19,2,Residential
1973,Weaver,7,0,Residential
1973,Weinberg,0,0,
1973,Wellsley,4,0,Residential
1973,West Av,4,1,Mixed
1973,West Park Way,12,1,Residential
1973,West Pittsburgh Road,15,3,Mixed
1973,Whippo,19,1,Residential
1973,White,3,0,Non-Residential
1973,Whitehill Drive,10,0,Residential
1973,Whitney Av,0,0,
1973,Wick,10,0,Residential
1973,Wilder,11,0,Residential
1973,Wildwood Av,23,0,Residential
1973,Willard Av,2,0,Residential
1973,Williams,32,0,Residential
1973,Williams,4,0,Residential
1973,Willowbrook Road,37,0,Residential
1973,Willowhurst Circle,56,2,Mixed
1973,Wilmington Av,387,3,Mixed
1973,Wilson Av,52,1,Mixed
1973,Wilson Drive,2,0,Mixed
1973,Wilson Road,10,2,Mixed
1973,Winslow,60,0,Residential 
1973,Winter Av (East-West),104,3,Mixed
1973,Wolfe,2,0,Residential 
1973,Wood,1,1,Residential 
1973,Wood Av,1,1,Residential 
1973,Woodland Av,8,0,Residential 
1973,Woodland Drive,6,0,Residential 
1973,Woodrow,7,0,Residential 
1973,Woods,6,0,Residential 
1973,Wooley,16,0,Residential 
1973,Worthington Av (West),43,0,Residential 
1973,Yoho,4,2,Residential 
1973,Young,24,0,Residential 
