Street,Change in Entities
Neshannock Av,-242
Jefferson (South),-173
Washington (East),-172
Washington (West),-137
North (East-West),-124
Croton Av,-100
Long Av (East-West),-77
Mercer (North),-51
Moravia,-48
Mill (South),-46
Mill (North),-41
East,-38
Pearson,-38
Falls (East-West),-31
Quest,-30
South (East-West),-29
Liberty (North),-24
Cedar (North),-24
Court,-23
Wallace Av (East-West),-23
Beaver (South),-22
Scioto,-21
Reynolds (East-West),-21
Mercer (South),-21
Mahoning Av,-20
State,-19
Milton,-17
Center Alley (East-West),-16
Newell Av,-16
Sampson,-16
Preston Av,-15
Winter Av (East-West),-15
Jefferson (North),-14
Beckford,-14
Walnut (North),-13
Superior,-13
Crawford Av (North),-13
Home (East-West),-13
Cuba,-12
Lutton (East-West),-12
Young,-12
Morton,-11
Wood,-11
O'Brien Av,-10
Cunningham Av,-10
Holton,-10
Shady Side,-10
Hamilton,-10
Atlantic Av,-9
Diamond (North),-9
Pennsylvania Av,-9
County Line,-9
Produce,-8
Wolfe,-8
Blaine,-8
Power,-7
Maitland,-7
Spruce,-7
Liberty (South),-7
Alborn Av,-7
Ashland Av (South),-7
Front (North),-7
Pine,-7
Maryland Av,-6
Miller (East-West),-6
Cleveland Av,-6
Elm,-6
Elmwood,-6
Wilson Av,-6
Chestnut,-6
Fulton (East-West),-6
Laurel Av (East-West),-6
Howard Way,-6
Harbor,-6
Electric,-6
Martha,-6
Allen,-6
McCready Place,-6
Sankey,-6
Oakland Av,-6
Brinton Av,-6
Rebecca Way,-5
Hill Row,-5
Weaver,-5
Cascade Blvd,-5
Oak,-5
Wabash Av (East-West),-5
Front (South),-5
Shenango (North),-5
Adams,-5
Butler Av,-5
West Park Way,-5
Sycamore (East-West),-4
Crawford Av (South),-4
Raymond,-4
Homestead,-4
Rigby,-4
Harrison,-4
Galbreath Av,-4
Bartram Av,-4
Pennsylvania Av Ext,-4
Appleway (South),-4
Cliff,-4
Epworth,-4
Gardner Av,-4
Robinson,-4
Fulkerson,-3
Brooklyn Av,-3
Kurtz,-3
Riverview Av,-3
Bluff,-3
Junior High,-3
Woods,-3
King Av,-3
Nemo,-3
Yoho,-3
Winslow,-3
Weinberg,-3
Water,-3
Pollock Av,-3
Monroe,-3
Willard Av,-3
Montgomery Av,-3
Mulberry (South),-3
Ranney Av (East-West),-3
Vine (South),-3
Lowry,-3
Terrace Av (East-West),-3
Treser Av (East-West),-2
School,-2
Frank Way,-2
Greenwood Av (South),-2
Grove,-2
Valley,-2
Short,-2
Hartman,-2
Ray (North),-2
High,-2
Highland Place,-2
Marion Court,-2
Maple,-2
Wooley,-2
Whippo,-2
Slate,-2
Reiber,-2
Rabbit Av,-2
Katherine,-2
Phillips Place,-2
Forest,-2
Lee Av (North),-2
Appleway (North),-2
Cumberland Av,-2
Chartes (East-West),-2
English Av,-2
Craig,-2
Berger,-2
Carson,-2
Arlington Av,-2
East Main,-2
Finch,-1
Sherman,-1
Underwood,-1
West Av,-1
Shaw,-1
Blanchard,-1
White,-1
Erie Av,-1
Emery,-1
Cedar (South),-1
Mulberry (North),-1
Ellsworth Way,-1
Osage,-1
Cherry (East-West),-1
Huey,-1
Stewart,-1
Mechanic,-1
Dushane,-1
Kerr,-1
Beech,-1
Maple (East-West),-1
Bradner Av,-1
Loraine Av,-1
Neal,-1
Patterson Av,-1
Uber Av,-1
Carl,-1
Robinson Lane,-1
Francis Place,-1
Rebecca,-1
Friendship,-1
Agnew,-1
Ridge,-1
Carlisle,-1
Woodland Av,-1
Brentwood,-1
Caldwell Av,-1
Richelieu Av,-1
Bolt,-1
Wildwood Av,-1
Good Av,-1
Ridge Av,0
McKinley,0
Blunston Av,0
Swansea Av (South),0
Conkle Av,0
Meadow,0
Sycamore,0
Syling,0
Ray (South),0
Swansea Av (East-West),0
Temple Av,0
Burke,0
Crawford Terrace,0
Becker Av,0
Third,0
Main,0
Mabel,0
Darlington Av,0
Tucker Way,0
Logan,0
Conn,0
Stewart Place,0
Miller Road,0
Belmont,0
Orchard (East-West),0
Pearl,0
Bonzo,0
Old Long Av,0
Old Butler Road,0
Round (North),0
Pearson Mill Road,0
Cass,0
Carr Av,0
Rosedale,0
Sheets,0
Nutt,0
Quay,0
Plum,0
Point Place,0
Castle Hill Manor,0
Poplar,0
National,0
Central Square,0
Porter,0
Rock Av,0
Smith,0
Calvert,0
South New Castle Burough,0
Spring,0
Robinwood,0
Shira,0
Birt Av,0
Madison Av (East-West),0
Delaware Av,0
Gibson Av,0
Jones,0
Walker,0
Walls,0
Walmo,0
Alborn Mill Road,0
Glass,0
Walmo-Eastbrook Road,0
Auburn Av,0
Glen Av,0
Balph Av (East-West),0
Huron Av,0
Hoover Av,0
Wick,0
Whitney Av,0
Hale,0
Ann,0
Englewood Av,0
Emerson Av,0
Ashland Av (North),0
Wayne (North),0
Arch (East),0
Eddy,0
King's Chapel Road,0
Waldo,0
Fourth,0
Denver Av,0
Union,0
First (North),0
First (South),0
Valentine,0
Fleming Way,0
Fern,0
Dillworth Av,0
Dickson,0
Francis,0
Hemlock,0
Furnace,0
Adella,0
Lafayette (North),0
Vesta,0
Fairview,0
Francis Av,1
Gardner Lane,1
Hawthorne Av,1
Wood Av,1
Haus Av,1
Sixth,1
Canyon,1
Sharp (East-West),1
Worthington Av (West),1
Service,1
Second,1
Grimes,1
Franklin Av,1
Federal,1
Borough Line,1
Greenwood Av (North),1
Andrew,1
George,1
Wayne (South),1
Beechwood Way,1
Duquesne Av,1
Lacock (East-West),1
Marshall,1
Margaret,1
Clearview Av,1
Southview Av,1
Crescent Av,1
Clayton (East-West),1
Kurtz Place,1
Walter,1
City Line,1
Warner Alley,1
McClain Av,1
Edison Av (East-West),1
Morehead Av,1
Hobart,1
Culbertson Place,1
Magee,1
Tulagi Way,1
Beatty Av,1
Thorpe,1
Eighth,1
Union Av,1
Matilda Av,2
Woodland Drive,2
Conner Av,2
Tremont,2
Lafayette (South),2
Laurel Blvd,2
Randolph,2
Prospect,2
Lathrop,2
Big Run (East-West),2
Bleakley Av,2
Wellsley,2
MtPleasant,2
Berger Place,2
Hart,2
Harbor Road,2
Smithfield,2
Scott (South),2
Scott (North),2
Euclid Av,2
Rhodes Place,2
Almira,2
Centennial,2
Phillips,2
Etna,2
Alvaretta Blvd,3
Stanton Av,3
Atkinson,3
Woodrow,3
Summit,3
Barbour Place,3
Albert,3
Acorn,3
Ludwig Road,3
Mills Way,3
Clen-Moore Blvd (West),3
Orchard Way,3
Orlando Av,3
Park Av,3
Midway Island Circle,3
Melrose Av,3
McClelland Av,3
Maple Drive,3
John,3
Dewey Av,3
Carlsbad Place,3
Hanna,3
Graceland Road,3
Garfield Av (East-West),3
Euclid Av (West),3
Industrial,3
Fifth,3
Motor,4
Edgewood Av (West),4
McCleary Av,4
Highland Av,4
Williams,4
Fairfield Av,4
Bell Av,4
Florence Av,4
Buena Vista Way,4
Oakwood Av,4
Boston Av,4
Round (South),4
Norwood Av,5
Ryan Av,5
Cecil Ave,5
Taylor,5
Division (East-West),5
Harding Av,5
Rose Av,5
Grigsby Av,5
Clarence Av,5
Park Lane,5
Guadalcanal Road,5
Lee Av (South),5
Hillcrest Av (West),6
Roy Drive,6
Linden,6
Green,6
Willowbrook Road,6
Allegheny Av,6
Neshannock Blvd,6
Gilmore,6
Burns,6
Grove Av,7
Eastbrook,7
Coates Av,7
Meegan Av,7
McCarty Lane,7
Miller Av,7
Walnut (South),8
Laurel Place,8
Hazel,8
Castle,8
Northview Av,8
Morris,8
Moore Ave,8
Crow,8
Manor Av,8
Gretchen Av,9
Frank Av,9
Addis,9
Frazier Drive,9
Locust,9
Pearl (West),9
Wilson Road,10
Kenneth Av,11
Paul,11
Boyles Av,11
Meyer Av (West),11
Lakeview Av,11
Clen-Moore Blvd,11
Audley,12
Meyer Av,12
Pulaski Road,13
Butz Av,13
Byers Av (East-West),13
Roosevelt,13
Reis,14
Old Pittsburgh Road,14
Northview Av (West),14
Herrick Av,14
Johnson,15
West Pittsburgh Road,15
Seventh,15
Fairmont Av (West),15
Jackson,15
Vogan Av,16
Okinawa Drive,16
Cameron Av,16
Lincoln Av (East-West),16
Cascade (North),16
Old Plank Road,17
Miller Road (South),18
Savannah Road,18
Hillcrest Av,19
Vine (North),19
Grandview Av,19
Sheridan Av (East-West),20
Leasure Av (East-West),20
Edgewood Av,21
Fairmont Av,24
Decker Drive,25
Hazen,26
Warner Av,27
Sunny Av,27
Hazelcroft Av,28
Cascade (South),31
Elizabeth Av (East-West),53
Idlewild Drive,53
Beaver (North),93
Wilmington Av,111
Moody Ave (East-West),159
