Street,Street_Diff
Acorn,0
Adams,0
Addis,0
Adella,0
Agnew,0
Albert,0
Alborn Av,0
Alborn Mill Road,0
Allegheny Av,0
Allen,0
Almira,0
Alvaretta Blvd,0
Andrew,0
Ann,0
Appleway (North),0
Appleway (South),0
Arch (East),0
Arlington Av,0
Ashland Av (North),0
Ashland Av (South),0
Atkinson,0
Atlantic Av,0
Auburn Av,0
Audley,0
Balph Av,0
Barbour Place,0
Bartram Av,0
Beatty Av,0
Beaver (North),0
Beaver (South),0
Becker Av,0
Beckford ,1
Beech,0
Beechwood Way,0
Bell Av,0
Bellevue Av,0
Belmont,0
Berger,0
Berger Place,0
Big Run ,1
Birt Av,0
Blaine,0
Blanchard,0
Bleakley Av,0
Bluff,0
Blunston Av,0
Bolt,0
Bonzo,0
Borough Line,0
Boston Av,0
Boyles Av,0
Bradner Av,0
Brentwood,0
Bridge,0
Brinton Av,0
Brooklyn Av,0
Bryson Road,0
Buena Vista Way,0
Burke,0
Burns,0
Butler Av,0
Butz Av,0
Byers Av ,1
Caldwell Av,0
Calvert,0
Cameron Av,0
Canyon,0
Carl,0
Carlisle,0
Carlsbad Place,0
Carr Av,0
Carson,0
Cascade (North),0
Cascade (South),0
Cascade Blvd,0
Cass,0
Castle,0
Castle Hill Manor,0
Cecil Ave,0
Cedar (North),0
Cedar (South),0
Centennial,0
Centennial Av,0
Center,0
Center Alley ,1
Central Square,0
Chartes,0
Cherry,0
Chestnut,0
City Line,0
Clarence Av,0
Clayton,0
Clearview Av,0
Clen-Moore Blvd,0
Clen-Moore Blvd (West),0
Cleveland Av,0
Cliff,0
Coates Av,0
Cochran (North),0
Cochran (South),0
Conkle Av,0
Conn,0
Conner Av,0
Coolidge,0
Cottage,0
County Line,0
Court,0
Craig,0
Crawford Av (North),0
Crawford Av (South),0
Crawford Terrace,0
Crescent Av,0
Croton Av,0
Crow,0
Cuba,0
Culbertson Place,0
Cumberland Av,0
Cunningham Av,0
Darlington Av,0
Decker Drive,0
Delaware Av,0
Denver Av,0
Deshon Village,0
Dewey Av,0
Diamond (North),0
Diamond (South),0
Dickson,0
Dillworth Av,0
Division,0
Duquesne Av,0
Dushane,0
East,0
East Main,0
Eastbrook,0
Eddy,0
Edgewood Av,0
Edgewood Av (West),0
Edison Av,0
Eighth,0
Electric,0
Elizabeth Av,0
Ellis Way,0
Ellsworth Way,0
Elm,0
Elmwood,0
Emerson Av,0
Emery,0
Englewood Av,0
English Av,0
Epworth,0
Erie Av,0
Etna,0
Euclid Av,0
Euclid Av (West),0
Fairfield Av,0
Fairmont Av,0
Fairmont Av (West),0
Fairview,0
Falls,0
Federal,0
Fern,0
Fern,0
Fifth,0
Finch,0
First (North),0
First (South),0
Fleming Way,0
Florence Av,0
Florence Av,0
Forest,0
Fourth,0
Francis,0
Francis Av,0
Francis Place,0
Frank Av,0
Frank Way,0
Franklin Av,0
Frazier Drive,0
Friendship,0
Front (North),0
Front (South),0
Fulkerson,0
Fulton,0
Furnace,0
Galbreath Av,0
Gardner Av,0
Gardner Lane,0
Garfield Av ,1
George,0
Gibson Av,0
Gilmore,0
Glass,0
Glen Av,0
Good Av,0
Graceland Road,0
Grandview Av,0
Grandview Av,0
Grant Av,0
Green,0
Greenwood Av (North),0
Greenwood Av (South),0
Gretchen Av,0
Grigsby Av,0
Grimes,0
Grove,0
Grove Av,0
Guadalcanal Road,0
Hale,0
Hamilton,0
Hanna,0
Harbor,0
Harbor Road,0
Harding Av,0
Harrison,0
Hart,0
Hartman,0
Haus Av,0
Hawthorne Av,0
Hazel,0
Hazelcroft Av,0
Hazen,0
Hemlock,0
Herrick Av,0
High,0
High,0
Highland Av,0
Highland Place,0
Hill Row,0
Hillcrest Av,0
Hillcrest Av (West),0
Hiram Way,0
Hobart,0
Holton,0
Home,0
Homestead,0
Homestead,0
Hoover Av,0
Howard Way,0
Huey,0
Huron Av,0
Hutchman,0
Idlewild Drive,0
Industrial,0
Jackson,0
Jefferson (North),0
Jefferson (South),0
John,0
Johnson,0
Jones,0
Junior High,0
Katherine,0
Kenneth Av,0
Kerr,0
King Av,0
King's Chapel Road,0
Knox,0
Knox Av,0
Kurtz,0
Kurtz Place,0
Lacock ,1
Lafayette (North),0
Lafayette (South),0
Lakeview Av,0
Lathrop,0
Laurel Av,0
Laurel Blvd,0
Laurel Place,0
Lawrence,0
Leasure Av,0
Lee Av (North),0
Lee Av (South),0
Levine Way,0
Liberty (North),0
Liberty (South),0
Lincoln Av,0
Linden,0
Locust,0
Logan,0
Long Av,0
Loraine Av,0
Lowry,0
Ludwig Road,0
Lutton,0
Lyndal,0
Mabel,0
Madison Av,0
Magee,0
Mahoning Av,0
Main,0
Maitland,0
Maitland Lane,0
Manor Av,0
Maple,0
Maple,0
Maple Drive,0
Margaret,0
Marion Court,0
Market,0
Marshall,0
Marshall,0
Martha,0
Martin Av,0
Maryland Av,0
Matilda Av,0
McCarty Lane,0
McClain Av,0
McCleary Av,0
McClelland Av,0
McCready Place,0
McKinley,0
Meadow,0
Mechanic,0
Meegan Av,0
Melrose Av,0
Mercer (North),0
Mercer (South),0
Meyer Av,0
Meyer Av (West),0
Midway Island Circle,0
Mill (North),0
Mill (South),0
Miller,0
Miller Av,0
Miller Road,0
Miller Road (South),0
Mills Way,0
Milton,0
Milton Way (South),0
Mitchel,0
Monroe,0
Montgomery Av,0
Moody Ave,0
Moore Ave,0
Moravia,0
Moravia Road,0
Morehead Av,0
Morris,0
Morton,0
Motor,0
MtPleasant,0
Mulberry (North),0
Mulberry (South),0
National,0
Neal,0
Nemo,0
Neshannock Av,0
Neshannock Bank,0
Neshannock Blvd,0
Newell Av,0
Norris (North),0
Norris (South),0
North ,1
Northview Av,0
Northview Av,0
Northview Av (West),0
Norwood Av,0
Nutt,0
Oak,0
Oakland Av,0
Oakwood Av,0
Oakwood Way,0
O'Brien Av,0
Okinawa Drive,0
Old Butler Road,0
Old Long Av,0
Old Pittsburgh Road,0
Old Plank Road,0
Orchard,0
Orchard Way,0
Orlando Av,0
Osage,0
Park Av,0
Park Lane,0
Patterson Av,0
Paul,0
Pearl,0
Pearl (West),0
Pearson,0
Pearson Mill Road,0
Pennsylvania Av,0
Pennsylvania Av Ext,0
Phillips,0
Phillips Place,0
Pine,0
Plum,0
Point Place,0
Pollock Av,0
Poplar,0
Porter,0
Power,0
Preston Av,0
Produce,0
Prospect,0
Pulaski Road,0
Quay,0
Quest,0
Rabbit Av,0
Race,0
Randolph,0
Ranney Av,0
Ray (North),0
Ray (South),0
Raymond,0
Rebecca,0
Rebecca Way,0
Reiber,0
Reis,0
Reynolds,0
Rhodes Place,0
Richelieu Av,0
Ridge,0
Ridge Av,0
Ridge Av,0
Rigby,0
Riverview Av,0
Robinson,0
Robinson Lane,0
Robinwood,0
Rock Av,0
Roosevelt,0
Rose Av,0
Rosedale,0
Round (North),0
Round (South),0
Roy Drive,0
Rural Av,0
Ryan Av,0
Sampson,0
Sankey,0
Savannah Road,0
Schenley,0
Schley,0
School,0
Scioto,0
Scotland Lane,0
Scott (North),0
Scott (South),0
Second,0
Sernett,0
Service,0
Seventh,0
Shady Side,0
Sharp,0
Shaw,0
Sheets,0
Shenango (North),0
Shenango (South),0
Sheridan Ave,0
Sherman,0
Shira,0
Short,0
Sixth,0
Slate,0
Smith,0
Smithfield,0
South,0
South New Castle Burough,0
Southview Av,0
Spring,0
Spring Garden,0
Spruce,0
Stanton Av,0
Stanton Av,0
State,0
Stewart,0
Stewart Place,0
Summit,0
Sumner,0
Sunny Av,0
Superior,0
Swansea Av,0
Swansea Av (South),0
Sycamore,0
Sycamore,0
Syling,0
Taylor,0
Tempalena,0
Temple Av,0
Terrace Av,0
Third,0
Thorpe,0
Tremont,0
Treser Av,0
Tucker Way,0
Tulagi Way,0
Uber Av,0
Underwood,0
Union,0
Union Av,0
Valentine,0
Valley,0
Vesta,0
Vine (North),0
Vine (South),0
Vogan Av,0
Wabash Av,0
Waldo,0
Walker,0
Wallace Av,0
Walls,0
Walmo,0
Walmo-Eastbrook Road,0
Walnut (North),0
Walnut (South),0
Walter,0
Warner Alley,0
Warner Av,0
Washington,0
Water,0
Wayne (North),0
Wayne (South),0
Weaver,0
Weinberg,0
Wellsley,0
West Av,0
West Park Way,0
West Pittsburgh Road,0
Whippo,0
White,0
Whitney Av,0
Wick,0
Wilder Av,0
Wildwood Av,0
Willard Av,0
Williams,0
Williams,0
Williams,0
Willowbrook Road,0
Wilmington Av,0
Wilson Av,0
Wilson Road,0
Winslow,0
Winter Av,0
Wolfe,0
Wood,0
Wood Av,0
Woodland Av,0
Woodland Drive,0
Woodrow,0
Woods,0
Wooley,0
Worthington Av (West),0
Yoho,0
Young,0
Acorn,0
Adams,0
Addis,0
Adella,0
Agnew,0
Albert,0
Alborn Av,0
Alborn Mill Road,0
Allegheny Av,0
Allen,0
Almira,0
Altman Road,0
Alvaretta Blvd,0
Andrew,0
Ann,0
Appleway (North),0
Appleway (South),0
Arch (East),0
Arlington Av,0
Ashland Av (North),0
Ashland Av (South),0
Atkinson,0
Atlantic Av,0
Auburn Av,0
Audley,0
Avalon Drive,0
Balph Av,0
Barbour Place,0
Bartram Av,0
Basilone Drive,0
Beatrice,0
Beatty Av,0
Beaver (North),0
Beaver (South),0
Becker Av,0
Beckford ,1
Beech,0
Beechwood Way,0
Bell Av,0
Bellaire Drive,0
Bellview Av,0
Belmont,0
Berger,0
Berger Place,0
Big Run,0
Birchcrest Drive,0
Birt Av,0
Blackstone Drive,0
Blaine,0
Blair Drive,0
Blanchard,0
Bleakley Av,0
Blossom Lane,0
Bluff,0
Blunston Av,0
Bolt,0
Bonzo,0
Booker Drive,0
Borough Line,0
Boston Av,0
Botham,0
Boyles Av,0
Bradner Av,0
Brentwood,0
Brigadon Lane,0
Brinton Av,0
Brooklyn Av,0
Brown,0
Bryson Mill Road,0
Buena Vista Way,0
Burke,0
Burns,0
Butler Av,0
Butz Av,0
Byers Av,0
Cadet,0
Caldwell Av,0
Calvert,0
Cameron Av,0
Canyon,0
Carl,0
Carlisle,0
Carlsbad Place,0
Carr Av,0
Carson,0
Cascade (North),0
Cascade (South),0
Cascade Blvd,0
Cass,0
Castle,0
Castle Hill Manor,0
Cecil Ave,0
Cedar (North),0
Cedar (South),0
Centennial,0
Centennial ,1
Center Alley,0
Central Square,0
Chapin Road,0
Chartes Drive,0
Chartes,0
Cherry,0
Chestnut,0
Circle Drive,0
City Line,0
Clarence Av,0
Clayton,0
Clearview Av,0
Clen-Moore Blvd,0
Clen-Moore Blvd (West),0
Cleveland Av,0
Cliff,0
Coaltown Road,0
Coates Av,0
Cochran Way North),0
Cochran Way (South),0
Colonial Drive,0
Conkle Av,0
Conn,0
Conner Av,0
County Line,0
Court,0
Craig,0
Cranbrook Drive,0
Crawford Av (North),0
Crawford Av (South),0
Crawford Terrace,0
Crescent Av,0
Crestwood Drive,0
Crocker Lane,0
Croton Av,0
Crow,0
Cuba,0
Culbertson Place,0
Cumberland Av,0
Cunningham Av,0
Daniel Road,0
Darlington Av,0
Davies Av,0
Dean Drive,0
Decker Drive,0
Decorath Lane,0
Delaware Av,0
Denver Av,0
Dewey Av,0
Diamond (North),0
Diana Drive,0
Dickson,0
Dillworth Av,0
Division,0
Doris,0
Dougherty Road,0
Duquesne Av,0
Dushane,0
East,0
East Lynne,0
East Main,0
Eastbrook,0
Eddy,0
Edgewood Av,0
Edgewood Av (West),0
Edison Av,0
Eighth,0
Elder Av,0
Eldogor Lane,0
Electric,0
Elizabeth Av,0
Ellsworth Way,0
Ellwood Road,0
Elm,0
Elmwood,0
Emerson Av,0
Emery,0
Engine House Way,0
Englewood Av,0
Englewood Av (West),0
English Av,0
Epworth,0
Erie Av,0
Etna,0
Euclid Av,0
Euclid Av (West),0
Evergreen Av,0
Faddis Av,0
Fairfield Av,0
Fairfield Av (West),0
Fairgreen Av,0
Fairhill Drive,0
Fairmont Av,0
Fairmont Av (West),0
Fairview,0
Falls,0
Falls Av,0
Federal,0
Fern,0
Fern,0
Fernwood Lane,0
Fifth,0
Finch,0
First (North),0
First (South),0
Fleming Way,0
Florence Av,0
Florence Av,0
Forest,0
Forestview Drive,0
Fourth,0
Fowler Lane,0
Francis,0
Francis Av,0
Francis Place,0
Frank Av,0
Frank Way,0
Franklin Av,0
Frazier Drive,0
Frew Mill Road,0
Friendship,0
Front (North),0
Front (South),0
Fruitland Drive,0
Fulkerson,0
Fulton,0
Furnace,0
Galbreath Av,0
Gardner Av,0
Gardner Lane,0
Garfield Av,0
Gayle,0
George,0
Gibson Av,0
Gilmore,0
Glass,0
Glen Av,0
Glendale ,1
Good Av,0
Graceland Road,0
Graham Av,0
Grandview Av,0
Grandview Av,0
Grant,0
Green,0
Greenwood Av (North),0
Greenwood Av (South),0
Grenway Road,0
Gretchen Av,0
Grigsby Av,0
Grimes,0
Grove,0
Grove Av,0
Guadalcanal Road,0
Halco Drive,0
Hale,0
Hamilton,0
Hanna,0
Harbor,0
Harbor Road,0
Harding Av,0
Harlansburg Road,0
Harrison,0
Hart,0
Hartman,0
Haus Av,0
Hawthorne Av,0
Hazel,0
Hazelcroft Av,0
Hazelcroft Av (West),0
Hazen,0
Hemlock,0
Herrick Av,0
High,0
High,0
High view drive,0
Highland Av,0
Highland Place,0
Hill Row,0
Hillcrest Av,0
Hillcrest Av (West),0
Hobart,0
Holton,0
Home,0
Homestead,0
Homestead,0
Hoover Av,0
Howard Way,0
Huey,0
Huron Av,0
Hutchinson,0
Idlewild Drive,0
Industrial,0
Jackson,0
Jefferson (North),0
Jefferson (South),0
John,0
Johnson,0
Jones,0
Junior High,0
Katherine,0
Kenneth Av,0
Kerr,0
King Av,0
King's Chapel Road,0
Know Av,0
Kurtz,0
Kurtz Place,0
Lacock ,1
Lafayette (North),0
Lafayette (South),0
Lake Drive,0
Lakeview Av,0
Lanewood Drive,0
Lathrop,0
Lattavo Drive,0
Laurel Av,0
Laurel Blvd,0
Laurel Place,0
Lawnview Av,0
Lawrence (East),0
Leasure Av,0
Lee Av (North),0
Lee Av (South),0
Liberty (North),0
Liberty (South),0
Lilac Road,0
Lincoln Av,0
Linden,0
Line Road,0
Locust,0
Locust Lane Drive,0
Logan,0
Long Av,0
Loraine Av,0
Lowry,0
Ludwig Road,0
Lutton ,1
Lyndall,0
Mabel,0
Madison Av,0
Madonna Cemetary Road,0
Magee,0
Mahoning Av,0
Main,0
Maitland,0
Maitland Lane,0
Manor Av,0
Mapeat Lane,0
Maple,0
Maple,0
Maple Drive,0
Margaret,0
Marie Drive,0
Marion Court,0
Market Way (East),0
Marshall,0
Marshall,0
Martha,0
Martin ,1
Martin Luther King Village,0
Maryland Av,0
Matilda Av,0
McCarty Lane,0
McClain Av,0
McCleary Av,0
McClelland Av,0
McCracken Drive,0
McCready Place,0
McGrath Av,0
McKinley,0
Meadow,0
Meadowbrook Drive,0
Mechanic,0
Meegan Av,0
Melrose Av,0
Melvin Drive,0
Mercer (North),0
Mercer (South),0
Mercer Road,0
Mercer Extension (North),0
Meyer Av,0
Meyer Av (West),0
Midway Island Circle,0
Mill (North),0
Mill (South),0
Miller,0
Miller Av,0
Miller Road,0
Miller Road (South),0
Mills Way,0
Milton,0
Milton Way ,1
Mission Meade Drive,0
Mitchell,0
Monroe,0
Montgomery Av,0
Moody Ave,0
Moore Ave,0
Moravia,0
Morehead Av,0
Morris,0
Morton,0
Motor,0
MtPleasant,0
Mulberry (North),0
Mulberry (South),0
Mustang Av,0
National,0
Neal,0
Nemo,0
Nesbitt Av,0
Neshannock Av,0
Neshannock Blvd,0
New Butler Road,0
Newell Av,0
Norris Way (North),0
North,0
Northview Av,0
Northview Av,0
Northview Av (West),0
Norwood Av,0
Nutt,0
Oak,0
Oak Park Lane,0
Oakland Av,0
Oakwood Av,0
Oakwood Way,0
O'Brien Av,0
Okinawa Drive,0
Old Butler Road,0
Old Long Av,0
Old Pittsburgh Road,0
Old Plank Road,0
Old Princeton Road,0
Orchard,0
Orchard Way,0
Orlando Av,0
Osage,0
Park Av,0
Park Lane,0
Parkwood Court,0
Patterson Av,0
Paul,0
Pearl,0
Pearl (West),0
Pearson,0
Pearson Mill Road,0
Pennsylvania Av,0
Pennsylvania Av Ext,0
Phillips,0
Phillips Place,0
Pin Oak Drive,0
Pine,0
Pinehurst Drive,0
Plum,0
Point Place,0
Pollock Av,0
Poplar,0
Porter,0
Power,0
Preston Av,0
Produce,0
Prospect,0
Pulaski Road,0
Quay,0
Quest,0
Rabbit Av,0
Race (East),0
Randolph,0
Ranney Av ,1
Ray (North),0
Ray (South),0
Raymond,0
Rebecca,0
Rebecca Way,0
Reiber,0
Reis,0
Reynolds,0
Rhodes Place,0
Richelieu Av,0
Richview Drive,0
Ridge,0
Ridge Av,0
Ridge Av,0
Ridgelawn Av,0
Ridgewood Court (East),0
Ridgewood Court (South),0
Ridgewood Court (West),0
Ridgewood Drive,0
Rigby,0
Riverview Av,0
Robinson,0
Robinson Lane,0
Robinwood,0
Rock Av,0
Roosevelt,0
Rose Av,0
Rosedale,0
Round (North),0
Round (South),0
Roy Drive,0
Rutgers Drive,0
Ruth,0
Ryan Av,0
Sampson,0
Sankey,0
Sankey Lane,0
Savannah Road,0
Schenley Av,0
Schley (North),0
Schley (South),0
School,0
Scioto,0
Scotland Lane (North),0
Scotland Lane (South),0
Scott (North),0
Scott (South),0
Second,0
Sennett,0
Service,0
Seventh,0
Shady Side,0
Shadylane Drive (East),0
Shadylane Drive (North),0
Shadylane Drive (West),0
Sharp,0
Shaw,0
Sheets,0
Shenango (North),0
Shenango Road,0
Sheridan Av,0
Sherman,0
Shira,0
Short,0
Sixth,0
Slate,0
Smith,0
Smith Lane,0
Smithfield,0
South,0
South New Castle Burough,0
Southview Av,0
Spiner Av,0
Spring,0
Spring Garden Av,0
Spruce,0
Stanton Av,0
Stanton Av,0
State,0
Steinbrink,0
Stewart,0
Stewart Place,0
Summit,0
Summit View Drive,0
Sumner Av,0
Sunny Av,0
Sunset Drive,0
Sunset Drive (East),0
Superior,0
Swansea Av,0
Swansea Av (South),0
Sycamore,0
Sycamore (East),0
Sycamore (West),0
Syling,0
Taylor,0
Tempalena Av (East),0
Tempalena Av (West),0
Temple Av,0
Terrace Av,0
Third,0
Thornhill Drive,0
Thorpe,0
Town Mall,0
Tremont,0
Treser Av,0
Tucker Way,0
Tulagi Way,0
Uber Av,0
Underwood,0
Union,0
Union Av,0
Upland Drive,0
Valentine,0
Valley,0
Vesta,0
Vine (North),0
Vine (South),0
Virginia Av,0
Vogan Av,0
Wabash Av,0
Waldo,0
Walker,0
Wallace Av,0
Walls,0
Walmo,0
Walmo-Eastbrook Road,0
Walnut,0
Walter,0
Warner Alley,0
Warner Av,0
Washington,0
Water,0
Wayne (North),0
Wayne (South),0
Weaver,0
Weinberg,0
Wellsley,0
West Av,0
West Park Way,0
West Pittsburgh Road,0
Whippo,0
White,0
Whitehill Drive,0
Whitney Av,0
Wick,0
Wilder ,1
Wildwood Av,0
Willard Av,0
Williams,0
Williams,0
Willowbrook Road,0
Willowhurst Circle,0
Wilmington Av,0
Wilson Av,0
Wilson Drive,0
Wilson Road,0
Winslow,0
Winter Av,0
Wolfe,0
Wood,0
Wood Av,0
Woodland Av,0
Woodland Drive,0
Woodrow,0
Woods,0
Wooley,0
Worthington Av (West),0
Yoho,0
Young,0
