Street,Number of Entities,Number of Vacant,Type
Acorn,9,0,Residential
Adams,110,1,Mixed
Addis,23,3,Residential
Adella,1,0,Residential
Agnew,30,0,Residential
Albert,44,0,Mixed
Alborn Av,21,2,Mixed
Alborn Mill Road,0,0,
Allegheny Av,27,2,Residential
Allen,30,0,Mixed
Almira,14,0,Residential
Alvaretta Blvd,6,3,Residential
Andrew,4,0,Residential
Ann,3,0,Residential
Appleway (North),9,0,Mixed
Appleway (South),7,1,Mixed
Arch (East),1,0,Residential
Arlington Av,70,0,Residential
Ashland Av (North),54,2,Mixed
Ashland Av (South),26,1,Residential
Atkinson,16,0,Residential
Atlantic Av,53,1,Mixed
Auburn Av,0,0,
Audley,37,15,Residential
Balph Av,35,0,Residential
Barbour Place,11,0,Residential
Bartram Av,24,0,Residential
Beatty Av,4,0,Residential
Beaver (North),80,4,Mixed
Beaver (South),62,4,Mixed
Becker Av,9,0,Residential
Beckford ,119,2,Mixed
Beech,5,0,Residential
Beechwood Way,1,0,Residential
Bell Av,46,3,Residential
Bellevue Av,10,0,Residential
Belmont,2,0,Residential
Berger,14,0,Residential
Berger Place,9,0,Residential
Big Run ,16,0,Residential
Birt Av,2,0,Residential
Blaine,48,1,Mixed
Blanchard,4,0,Residential
Bleakley Av,16,0,Mixed
Bluff,41,1,Residential
Blunston Av,10,0,Residential
Bolt,5,0,Residential
Bonzo,10,0,Residential
Borough Line,18,0,Residential
Boston Av,30,0,Residential
Boyles Av,102,3,Mixed
Bradner Av,4,0,Residential
Brentwood,15,0,Residential
Bridge,8,3,Residential
Brinton Av,7,0,Residential
Brooklyn Av,24,0,Residential
Bryson Road,12,0,Residential
Buena Vista Way,35,1,Residential
Burke,4,0,Residential
Burns,5,0,Residential
Butler Av,211,1,Mixed
Butz Av,15,0,Residential
Byers Av ,4,2,Residential
Caldwell Av,5,0,Residential
Calvert,0,0,
Cameron Av,15,0,Residential
Canyon,17,0,Residential
Carl,7,0,Residential
Carlisle,43,2,Residential
Carlsbad Place,6,0,Residential
Carr Av,8,0,Residential
Carson,16,0,Residential
Cascade (North),58,2,Mixed
Cascade (South),50,2,Mixed
Cascade Blvd,14,0,Mixed
Cass,5,0,Mixed
Castle,7,0,Residential
Castle Hill Manor,0,0,
Cecil Ave,28,0,Residential
Cedar (North),128,3,Mixed
Cedar (South),37,0,Residential
Centennial,14,0,Residential
Centennial Av,1,0,Residential
Center,31,3,Mixed
Center Alley ,18,0,Residential
Central Square,0,0,
Chartes,49,0,Mixed
Cherry,117,5,Mixed
Chestnut,81,0,Residential
City Line,3,0,Residential
Clarence Av,16,0,Residential
Clayton,99,2,Mixed
Clearview Av,11,0,Mixed
Clen-Moore Blvd,59,0,Mixed
Clen-Moore Blvd (West),27,2,Residential
Cleveland Av,30,0,Residential
Cliff,20,0,Residential
Coates Av,8,0,Residential
Cochran (North),14,3,Mixed
Cochran (South),10,0,Mixed
Conkle Av,7,0,Residential
Conn,0,0,
Conner Av,5,1,Residential
Coolidge,1,0,Residential
Cottage,7,0,Residential
County Line,118,4,Mixed
Court,128,4,Mixed
Craig,3,0,Residential
Crawford Av (North),67,1,Mixed
Crawford Av (South),34,0,Residential
Crawford Terrace,2,0,Residential
Crescent Av,9,0,Residential
Croton Av,439,14,Mixed
Crow,10,0,Residential
Cuba,24,18,Residential
Culbertson Place,5,0,Residential
Cumberland Av,17,0,Residential
Cunningham Av,89,0,Mixed
Darlington Av,4,0,Residential
Decker Drive,2,2,
Delaware Av,148,2,Residential
Denver Av,21,0,Residential
Deshon Village,22,4,Mixed
Dewey Av,69,2,Residential
Diamond (North),10,1,Residential
Diamond (South),6,1,Mixed
Dickson,6,0,Residential
Dillworth Av,8,0,Residential
Division,79,3,Mixed
Duquesne Av,13,0,Residential
Dushane,52,0,Residential
East,75,7,Mixed
East Main,35,0,Residential
Eastbrook,29,0,Mixed
Eddy,4,0,Residential
Edgewood Av,80,3,Residential
Edgewood Av (West),12,1,Residential
Edison Av,60,1,Residential
Eighth,9,1,Mixed
Electric,50,0,Residential
Elizabeth Av,59,4,Residential
Ellis Way,5,1,Residential
Ellsworth Way,2,0,Residential
Elm,26,1,Mixed
Elmwood,44,0,Residential
Emerson Av,20,0,Residential
Emery,9,0,Mixed
Englewood Av,59,1,Residential
English Av,47,1,Mixed
Epworth,30,1,Residential
Erie Av,16,0,Mixed
Etna,31,1,Residential
Euclid Av,115,4,Mixed
Euclid Av (West),26,2,Mixed
Fairfield Av,77,2,Residential
Fairmont Av,92,3,Residential
Fairmont Av (West),31,3,Mixed
Fairview,5,1,Residential
Falls,85,5,Mixed
Federal,3,0,Residential
Fern,56,0,Mixed
Fifth,2,0,Residential
Finch,20,1,Residential
First (North),2,0,Residential
First (South),8,0,Residential
Fleming Way,2,0,Residential
Florence Av,28,0,Mixed
Forest,27,2,Residential
Fourth,3,0,Residential
Francis,6,0,Residential
Francis Av,1,0,Residential
Francis Place,11,0,Residential
Frank Av,19,0,Mixed
Frank Way,6,0,Mixed
Franklin Av,43,1,Mixed
Frazier Drive,14,3,Residential
Friendship,50,1,Residential
Front (North),12,2,Residential
Front (South),18,1,Residential
Fulkerson,14,0,Residential
Fulton,24,2,Residential
Furnace,1,0,Non-Residential
Galbreath Av,52,0,Mixed
Gardner Av,7,0,Mixed
Gardner Lane,3,1,Residential
Garfield Av ,176,2,Mixed
George,0,0,
Gibson Av,4,0,Residential
Gilmore,22,0,Mixed
Glass,7,0,Mixed
Glen Av,6,0,Residential
Good Av,5,0,Residential
Graceland Road,25,0,Mixed
Grandview Av,47,4,Mixed
Grant Av,167,8,Mixed
Green,30,1,Mixed
Greenwood Av (North),14,0,Residential
Greenwood Av (South),15,0,Mixed
Gretchen Av,14,0,Residential
Grigsby Av,8,0,Residential
Grimes,11,0,Mixed
Grove,13,1,Mixed
Grove Av,7,1,Residential
Guadalcanal Road,6,0,Residential
Hale,1,0,Residential
Hamilton,112,3,Residential
Hanna,73,0,Mixed
Harbor,41,1,Mixed
Harbor Road,20,1,Mixed
Harding Av,12,0,Mixed
Harrison,77,0,Mixed
Hart,14,2,Residential
Hartman,9,0,Residential
Haus Av,11,1,Residential
Hawthorne Av,16,0,Residential
Hazel,29,0,Residential
Hazelcroft Av,83,5,Mixed
Hazen,26,0,Residential
Hemlock,6,0,Residential
Herrick Av,3,2,Residential
High,45,0,Residential
Highland Av,318,10,Mixed
Highland Place,5,0,Residential
Hill Row,5,0,Residential
Hillcrest Av,122,6,Mixed
Hillcrest Av (West),4,3,Residential
Hiram Way,7,0,Residential
Hobart,3,0,Non-Residential
Holton,10,0,Residential
Home,77,3,Mixed
Homestead,9,0,Mixed
Hoover Av,0,0,
Howard Way,22,0,Mixed
Huey,20,0,Residential
Huron Av,89,0,Residential
Hutchman,12,0,Residential
Idlewild Drive,3,3,
Industrial,3,0,Non-Residential
Jackson,43,1,Mixed
Jefferson (North),123,4,Mixed
Jefferson (South),388,15,Mixed
John,26,1,Residential
Johnson,13,0,Residential
Jones,2,0,Residential
Junior High,18,0,Mixed
Katherine,40,1,Residential
Kenneth Av,36,3,Residential
Kerr,16,2,Residential
King Av,40,0,Residential
King's Chapel Road,0,0,
Knox,12,2,Residential
Knox Av,24,0,Residential
Kurtz,16,0,Residential
Kurtz Place,4,0,Mixed
Lacock ,6,0,Mixed
Lafayette (North),18,0,Mixed
Lafayette (South),27,1,Mixed
Lakeview Av,7,7,
Lathrop,49,0,Residential
Laurel Av,51,3,Mixed
Laurel Blvd,52,2,Residential
Laurel Place,10,0,Residential
Lawrence,19,0,Mixed
Leasure Av,153,3,Residential
Lee Av (North),30,0,Residential
Lee Av (South),30,2,Residential
Levine Way,6,0,Residential
Liberty (North),186,7,Mixed
Liberty (South),42,2,Mixed
Lincoln Av,122,13,Mixed
Linden,0,0,
Locust,43,1,Mixed
Logan,8,0,Residential
Long Av,340,16,Mixed
Loraine Av,40,1,Residential
Lowry,6,0,Residential
Ludwig Road,8,0,Mixed
Lutton,153,1,Residential
Lyndal,59,2,Mixed
Mabel,14,1,Residential
Madison Av,104,0,Mixed
Magee,10,0,Residential
Mahoning Av,58,1,Mixed
Main,0,0,
Maitland,26,1,Mixed
Maitland Lane,65,0,Mixed
Manor Av,2,0,Residential
Maple,21,1,Mixed
Maple Drive,12,0,Residential
Margaret,1,0,Non-Residential
Marion Court,2,0,Residential
Market,4,1,Non-Residential
Marshall,53,0,Mixed
Martha,49,2,Mixed
Martin Av,39,0,Residential
Maryland Av,81,3,Residential
Matilda Av,33,0,Mixed
McCarty Lane,3,0,Residential
McClain Av,4,0,Residential
McCleary Av,15,0,Mixed
McClelland Av,35,1,Residential
McCready Place,6,0,Residential
McKinley,1,0,Non-Residential
Meadow,2,0,Residential
Mechanic,4,1,Non-Residential
Meegan Av,6,0,Residential
Melrose Av,5,1,Residential
Mercer (North),349,19,Mixed
Mercer (South),105,4,Mixed
Meyer Av,91,1,Mixed
Meyer Av (West),31,1,Residential
Midway Island Circle,0,0,
Mill (North),175,6,Mixed
Mill (South),282,14,Mixed
Miller,43,0,Mixed
Miller Av,34,0,Mixed
Miller Road,0,0,
Miller Road (South),2,1,Residential
Mills Way,16,0,Residential
Milton,40,1,Residential
Milton Way (South),0,0,
Mitchel,0,0,
Monroe,21,1,Residential
Montgomery Av,41,1,Residential
Moody Ave,144,3,Mixed
Moore Ave,23,0,Residential
Moravia,201,9,Mixed
Moravia Road,14,1,Residential
Morehead Av,13,0,Residential
Morris,77,0,Mixed
Morton,70,0,Mixed
Motor,15,0,Residential
MtPleasant,10,0,Mixed
Mulberry (North),26,0,Residential
Mulberry (South),20,0,Residential
National,13,0,Residential
Neal,27,0,Mixed
Nemo,7,0,Mixed
Neshannock Av,245,8,Mixed
Neshannock Bank,3,1,Residential
Neshannock Blvd,47,1,Mixed
Newell Av,34,0,Mixed
Norris (North),10,1,Mixed
Norris (South),0,0,
North ,275,9,Mixed
Northview Av,91,0,Mixed
Northview Av (West),37,3,Residential
Norwood Av,56,0,Residential
Nutt,1,0,Non-Residential
Oak,67,0,Mixed
Oakland Av,19,0,Mixed
Oakwood Av,22,0,Residential
Oakwood Way,22,2,Mixed
O'Brien Av,12,0,Residential
Okinawa Drive,9,0,Residential
Old Butler Road,0,0,
Old Long Av,8,0,Residential
Old Pittsburgh Road,25,1,Mixed
Old Plank Road,39,3,Residential
Orchard,4,0,Residential
Orchard Way,11,0,Residential
Orlando Av,11,0,Residential
Osage,2,0,Residential
Park Av,146,1,Mixed
Park Lane,3,0,Residential
Patterson Av,10,0,Residential
Paul,3,0,Residential
Pearl,21,0,Residential
Pearl (West),3,2,Residential
Pearson,126,2,Mixed
Pearson Mill Road,2,0,Residential
Pennsylvania Av,116,2,Residential
Pennsylvania Av Ext,11,0,Residential
Phillips,25,1,Residential
Phillips Place,10,0,Residential
Pine,67,0,Residential
Plum,0,0,
Point Place,3,0,Residential
Pollock Av,62,1,Mixed
Poplar,6,0,Residential
Porter,8,0,Residential
Power,8,1,Mixed
Preston Av,15,0,Mixed
Produce,17,1,Mixed
Prospect,13,0,Residential
Pulaski Road,43,1,Residential
Quay,0,0,
Quest,34,2,Mixed
Rabbit Av,4,1,Residential
Race,1,0,Residential
Randolph,45,0,Residential
Ranney Av,12,0,Residential
Ray (North),54,0,Mixed
Ray (South),105,0,Mixed
Raymond,29,1,Mixed
Rebecca,15,2,Mixed
Rebecca Way,10,0,Mixed
Reiber,2,0,Residential
Reis,14,0,Mixed
Reynolds,154,2,Mixed
Rhodes Place,9,3,Residential
Richelieu Av,32,1,Residential
Ridge,8,0,Residential
Ridge Av,11,0,Mixed
Rigby,5,0,Residential
Riverview Av,16,0,Mixed
Robinson,13,0,Residential
Robinson Lane,3,0,Residential
Robinwood,14,0,Residential
Rock Av,0,0,
Roosevelt,13,0,Residential
Rose Av,71,1,Mixed
Rosedale,8,1,Residential
Round (North),7,0,Mixed
Round (South),17,0,Residential
Roy Drive,6,2,Residential
Rural Av,0,0,
Ryan Av,41,2,Residential
Sampson,84,7,Mixed
Sankey,13,0,Residential
Savannah Road,11,0,Residential
Schenley,22,0,Residential
Schley,2,0,Residential
School,3,0,Residential
Scioto,53,1,Mixed
Scotland Lane,47,5,Mixed
Scott (North),29,0,Residential
Scott (South),10,0,Residential
Second,4,0,Residential
Sernett,0,0,
Service,7,1,Residential
Seventh,3,0,Residential
Shady Side,38,0,Residential
Sharp,15,0,Residential
Shaw,49,0,Residential
Sheets,6,0,Residential
Shenango (North),39,0,Mixed
Shenango (South),2,1,Non-Residential
Sheridan Ave,138,0,Residential
Sherman,1,0,Non-Residential
Shira,2,0,Residential
Short,3,0,Residential
Sixth,10,0,Residential
Slate,5,0,Residential
Smith,7,0,Residential
Smithfield,97,1,Mixed
South,32,2,Mixed
South New Castle Burough,0,0,
Southview Av,5,0,Residential
Spring,22,1,Residential
Spring Garden,6,0,Residential
Spruce,54,2,Mixed
Stanton Av,17,1,Mixed
State,169,3,Mixed
Stewart,1,0,Residential
Stewart Place,6,0,Residential
Summit,22,0,Residential
Sumner,72,0,Mixed
Sunny Av,8,1,Residential
Superior,56,2,Residential
Swansea Av,2,0,Residential
Swansea Av (South),0,0,
Sycamore,27,1,Mixed
Syling,6,0,Residential
Taylor,47,1,Mixed
Tempalena,16,0,Residential
Temple Av,31,0,Residential
Terrace Av,54,0,Mixed
Third,2,0,Residential
Thorpe,25,2,Residential
Tremont,3,0,Residential
Treser Av,10,0,Residential
Tucker Way,2,0,Residential
Tulagi Way,6,0,Residential
Uber Av,20,0,Residential
Underwood,16,0,Residential
Union,2,0,Residential
Union Av,2,0,Residential
Valentine,1,0,Non-Residential
Valley,5,0,Residential
Vesta,0,0,
Vine (North),37,0,Mixed
Vine (South),11,0,Mixed
Vogan Av,34,1,Mixed
Wabash Av,50,1,Residential
Waldo,55,0,Residential
Walker,0,0,
Wallace Av,174,4,Mixed
Walls,6,0,Residential
Walmo,0,0,
Walmo-Eastbrook Road,0,0,
Walnut (North),59,2,Residential
Walnut (South),61,4,Mixed
Walter,13,0,Residential
Warner Alley,6,0,Residential
Warner Av,39,2,Mixed
Washington,1273,34,Mixed
Water,6,0,Mixed
Wayne (North),15,0,Residential
Wayne (South),18,0,Residential
Weaver,12,1,Residential
Weinberg,3,0,Residential
Wellsley,2,0,Residential
West Av,5,0,Residential
West Park Way,17,1,Residential
West Pittsburgh Road,0,0,
Whippo,21,1,Residential
White,4,0,Mixed
Whitney Av,0,0,
Wick,10,0,Residential
Wilder Av,11,0,Residential
Wildwood Av,24,0,Residential
Willard Av,5,0,Residential
Williams,32,0,Residential
Willowbrook Road,31,4,Residential
Wilmington Av,276,8,Mixed
Wilson Av,58,1,Mixed
Wilson Road,0,0,
Winslow,63,0,Mixed
Winter Av,119,6,Mixed
Wolfe,10,1,Residential
Wood,12,1,Residential
Wood Av,0,0,
Woodland Av,9,0,Residential
Woodland Drive,4,0,Residential
Woodrow,4,1,Residential
Woods,9,0,Residential
Wooley,18,0,Residential
Worthington Av (West),42,3,Residential
Yoho,7,1,Residential
Young,36,0,Mixed
Acorn,12,0,Residential
Adams,105,0,Mixed
Addis,32,2,Residential
Adella,1,0,Residential
Agnew,29,1,Residential
Albert,47,2,Mixed
Alborn Av,14,1,Residential
Alborn Mill Road,0,0,
Allegheny Av,33,0,Residential
Allen,24,2,Mixed
Almira,16,1,Residential
Altman Road,41,1,Residential
Alvaretta Blvd,9,0,Residential
Andrew,5,0,Residential
Ann,3,0,Residential
Appleway (North),7,0,Non-Residential
Appleway (South),3,1,Mixed
Arch (East),1,0,Residential
Arlington Av,68,5,Mixed
Ashland Av (North),54,0,Residential
Ashland Av (South),19,1,Mixed
Atkinson,19,1,Residential
Atlantic Av,44,5,Mixed
Auburn Av,0,0,
Audley,49,0,Residential
Avalon Drive,37,0,Residential
Balph Av,35,1,Residential
Barbour Place,14,0,Residential
Bartram Av,20,0,Residential
Basilone Drive,11,0,Residential
Beatrice,3,0,Residential
Beatty Av,5,0,Residential
Beaver (North),173,5,Mixed
Beaver (South),40,2,Mixed
Becker Av,9,1,Residential
Beckford ,105,1,Mixed
Beech,4,2,Residential
Beechwood Way,2,0,Residential
Bell Av,50,4,Mixed
Bellaire Drive,31,0,Residential
Bellview Av,9,0,Residential
Belmont,2,0,Residential
Berger,12,0,Mixed
Berger Place,11,0,Residential
Big Run,18,1,Mixed
Birchcrest Drive,4,0,Residential
Birt Av,2,0,Residential
Blackstone Drive,9,2,Residential
Blaine,40,3,Residential
Blair Drive,2,0,Residential
Blanchard,3,0,Residential
Bleakley Av,18,1,Residential
Blossom Lane,21,0,Residential
Bluff,38,0,Residential
Blunston Av,10,1,Residential
Bolt,4,0,Residential
Bonzo,10,0,Residential
Booker Drive,36,1,Residential
Borough Line,19,0,Residential
Boston Av,34,1,Residential
Botham,4,0,Residential
Boyles Av,113,7,Residential
Bradner Av,3,0,Residential
Brentwood,14,0,Residential
Brigadon Lane,14,0,Residential
Brinton Av,1,0,Residential
Brooklyn Av,21,0,Residential
Brown,9,0,Residential
Bryson Mill Road,16,2,Residential
Buena Vista Way,39,1,Residential
Burke,4,0,Residential
Burns,11,0,Residential
Butler Av,206,9,Mixed
Butz Av,28,0,Mixed
Byers Av,17,1,Mixed
Cadet,11,1,Residential
Caldwell Av,4,0,Residential
Calvert,0,0,
Cameron Av,31,0,Residential
Canyon,18,1,Residential
Carl,6,0,Residential
Carlisle,42,0,Residential
Carlsbad Place,9,2,Residential
Carr Av,8,0,Residential
Carson,14,2,Residential
Cascade (North),74,2,Mixed
Cascade (South),81,3,Mixed
Cascade Blvd,9,1,Residential
Cass,5,0,Mixed
Castle,15,0,Residential
Castle Hill Manor,0,0,
Cecil Ave,33,0,Residential
Cedar (North),104,6,Mixed
Cedar (South),36,0,Residential
Centennial,14,0,Residential
Centennial ,2,0,Residential
Center Alley,2,0,Residential
Central Square,0,0,
Chapin Road,14,0,Residential
Chartes Drive,14,1,Residential
Chartes,47,0,Mixed
Cherry,116,8,Mixed
Chestnut,75,5,Mixed
Circle Drive,4,0,Residential
City Line,4,1,Residential
Clarence Av,21,0,Residential
Clayton,100,3,Mixed
Clearview Av,12,0,Residential
Clen-Moore Blvd,70,0,Mixed
Clen-Moore Blvd (West),30,2,Mixed
Cleveland Av,24,1,Residential
Cliff,16,3,Residential
Coaltown Road,0,0,
Coates Av,15,0,Residential
Cochran Way North),34,6,Mixed
Cochran Way (South),3,0,Residential
Colonial Drive,1,0,Residential
Conkle Av,7,0,Residential
Conn,0,0,
Conner Av,7,0,Residential
County Line,109,13,Mixed
Court,105,10,Mixed
Craig,1,0,Residential
Cranbrook Drive,0,0,
Crawford Av (North),54,3,Mixed
Crawford Av (South),30,5,Residential
Crawford Terrace,2,0,Residential
Crescent Av,10,1,Residential
Crestwood Drive,38,1,Residential
Crocker Lane,3,0,Residential
Croton Av,339,39,Mixed
Crow,18,0,Residential
Cuba,12,0,Residential
Culbertson Place,6,4,Residential
Cumberland Av,15,1,Residential
Cunningham Av,79,2,Mixed
Daniel Road,0,0,
Darlington Av,4,1,Residential
Davies Av,2,0,Residential
Dean Drive,7,0,Residential
Decker Drive,27,0,Mixed
Decorath Lane,4,0,Residential
Delaware Av,148,3,Residential
Denver Av,21,2,Residential
Dewey Av,72,4,Mixed
Diamond (North),1,0,Residential
Diana Drive,3,0,Residential
Dickson,6,2,Residential
Dillworth Av,8,3,Mixed
Division,84,7,Mixed
Doris,4,0,Residential
Dougherty Road,3,0,Residential
Duquesne Av,14,0,Residential
Dushane,51,1,Mixed
East,37,1,Mixed
East Lynne,26,0,Mixed
East Main,33,2,Mixed
Eastbrook,36,0,Mixed
Eddy,4,2,Residential
Edgewood Av,101,2,Residential
Edgewood Av (West),16,0,Residential
Edison Av,61,1,Residential
Eighth,10,0,Mixed
Elder Av,1,0,Residential
Eldogor Lane,3,0,Residential
Electric,44,2,Residential
Elizabeth Av,112,2,Residential
Ellsworth Way,1,0,Residential
Ellwood Road,0,0,
Elm,20,5,Mixed
Elmwood,38,1,Mixed
Emerson Av,20,3,Residential
Emery,8,0,Residential
Engine House Way,12,0,Residential
Englewood Av,59,2,Residential
Englewood Av (West),9,0,Mixed
English Av,45,4,Mixed
Epworth,26,2,Residential
Erie Av,15,1,Residential
Etna,33,2,Residential
Euclid Av,117,5,Mixed
Euclid Av (West),29,1,Mixed
Evergreen Av,16,0,Residential
Faddis Av,15,0,Mixed
Fairfield Av,81,0,Residential
Fairfield Av (West),6,1,Residential
Fairgreen Av,8,0,Residential
Fairhill Drive,16,0,Residential
Fairmont Av,116,3,Residential
Fairmont Av (West),46,0,Mixed
Fairview,5,0,Residential
Falls,54,10,Mixed
Falls Av,38,2,Residential
Federal,4,0,Residential
Fern,56,1,Mixed
Fernwood Lane,9,0,Residential
Fifth,5,0,Residential
Finch,19,0,Mixed
First (North),2,0,Residential
First (South),8,0,Residential
Fleming Way,2,1,Residential
Florence Av,32,3,Mixed
Forest,25,3,Residential
Forestview Drive,1,0,Residential
Fourth,3,0,Residential
Fowler Lane,5,0,Residential
Francis,6,1,Residential
Francis Av,2,0,Residential
Francis Place,10,1,Residential
Frank Av,28,0,Mixed
Frank Way,4,0,Mixed
Franklin Av,44,1,Residential
Frazier Drive,23,0,Residential
Frew Mill Road,13,1,Mixed
Friendship,49,2,Mixed
Front (North),5,2,Residential
Front (South),13,3,Residential
Fruitland Drive,13,0,Residential
Fulkerson,11,2,Residential
Fulton,18,1,Residential
Furnace,1,0,Non-Residential
Galbreath Av,48,4,Residential
Gardner Av,3,0,Non-Residential
Gardner Lane,4,0,Residential
Garfield Av,179,6,Mixed
Gayle,6,0,Residential
George,1,0,Non-Residential
Gibson Av,4,0,Residential
Gilmore,28,0,Residential
Glass,7,0,Mixed
Glen Av,6,0,Residential
Glendale ,1,0,Residential
Good Av,4,0,Residential
Graceland Road,28,1,Mixed
Graham Av,7,0,Residential
Grandview Av,66,1,Mixed
Grant,127,20,Mixed
Green,36,7,Residential
Greenwood Av (North),15,0,Residential
Greenwood Av (South),13,1,Mixed
Grenway Road,0,0,
Gretchen Av,23,0,Residential
Grigsby Av,13,0,Residential
Grimes,12,1,Residential
Grove,11,1,Mixed
Grove Av,14,1,Mixed
Guadalcanal Road,11,0,Residential
Halco Drive,72,2,Residential
Hale,1,0,Residential
Hamilton,102,9,Mixed
Hanna,76,0,Residential
Harbor,35,3,Mixed
Harbor Road,22,3,Mixed
Harding Av,17,1,Mixed
Harlansburg Road,33,2,Mixed
Harrison,73,2,Residential
Hart,16,0,Residential
Hartman,7,0,Residential
Haus Av,12,0,Residential
Hawthorne Av,17,1,Residential
Hazel,37,0,Residential
Hazelcroft Av,111,1,Residential
Hazelcroft Av (West),12,0,Residential
Hazen,52,0,Residential
Hemlock,6,0,Residential
Herrick Av,17,0,Residential
High,43,5,Residential
High view drive,9,0,Residential
Highland Av,322,17,Mixed
Highland Place,3,1,Residential
Hill Row,0,0,
Hillcrest Av,141,0,Mixed
Hillcrest Av (West),10,0,Residential
Hobart,4,0,Mixed
Holton,0,0,
Home,64,3,Residential
Homestead,5,0,
Hoover Av,0,0,
Howard Way,16,3,Mixed
Huey,19,0,Residential
Huron Av,89,0,Mixed
Hutchinson,5,1,Residential
Idlewild Drive,56,0,Residential
Industrial,6,1,Non-Residential
Jackson,58,1,Mixed
Jefferson (North),109,7,Mixed
Jefferson (South),215,12,Mixed
John,29,2,Residential
Johnson,28,3,Residential
Jones,2,0,Residential
Junior High,15,1,Mixed
Katherine,38,4,Residential
Kenneth Av,47,0,Residential
Kerr,15,0,Residential
King Av,37,4,Mixed
King's Chapel Road,0,0,
Know Av,27,0,Residential
Kurtz,13,2,Residential
Kurtz Place,5,0,Mixed
Lacock ,7,1,Residential
Lafayette (North),18,0,Residential
Lafayette (South),29,3,Mixed
Lake Drive,11,0,Residential
Lakeview Av,18,0,Residential
Lanewood Drive,21,1,Residential
Lathrop,51,2,Residential
Lattavo Drive,36,0,Residential
Laurel Av,45,2,Residential
Laurel Blvd,54,0,Residential
Laurel Place,18,1,Residential
Lawnview Av,17,1,Residential
Lawrence (East),1,0,Non-Residential
Leasure Av,173,4,Mixed
Lee Av (North),28,1,Residential
Lee Av (South),35,1,Residential
Liberty (North),162,19,Mixed
Liberty (South),35,5,Mixed
Lilac Road,8,0,Residential
Lincoln Av,138,9,Mixed
Linden,6,1,Residential
Line Road,4,0,Residential
Locust,52,2,Mixed
Locust Lane Drive,1,0,Residential
Logan,8,0,Residential
Long Av,263,67,Mixed
Loraine Av,39,6,Residential
Lowry,3,0,Residential
Ludwig Road,11,0,Mixed
Lutton ,141,5,Mixed
Lyndall,56,6,Mixed
Mabel,14,0,Residential
Madison Av,104,5,Mixed
Madonna Cemetary Road,1,0,Non-Residential
Magee,11,0,Residential
Mahoning Av,38,6,Mixed
Main,0,0,
Maitland,19,0,Mixed
Maitland Lane,111,1,Mixed
Manor Av,10,0,Residential
Mapeat Lane,24,0,Residential
Maple,18,1,Mixed
Maple Drive,15,1,Mixed
Margaret,2,0,Non-Residential
Marie Drive,4,0,Residential
Marion Court,0,0,
Market Way (East),3,1,Mixed
Marshall,54,0,Residential
Martha,43,0,Residential
Martin ,35,4,Residential
Martin Luther King Village,18,4,Residential
Maryland Av,75,0,Residential
Matilda Av,35,1,Mixed
McCarty Lane,10,0,Residential
McClain Av,5,1,Residential
McCleary Av,19,2,Residential
McClelland Av,38,1,Residential
McCracken Drive,0,0,
McCready Place,0,0,
McGrath Av,30,1,Residential
McKinley,1,0,Non-Residential
Meadow,2,0,Residential
Meadowbrook Drive,11,0,Residential
Mechanic,3,0,Non-Residential
Meegan Av,13,1,Residential
Melrose Av,8,0,Residential
Melvin Drive,10,0,Residential
Mercer (North),298,19,Mixed
Mercer (South),84,3,Mixed
Mercer Road,123,8,Mixed
Mercer Extension (North),1,0,Residential
Meyer Av,103,1,Mixed
Meyer Av (West),42,1,Residential
Midway Island Circle,3,0,Residential
Mill (North),134,14,Mixed
Mill (South),236,62,Mixed
Miller,37,0,Mixed
Miller Av,41,1,Residential
Miller Road,0,0,
Miller Road (South),20,1,Residential
Mills Way,19,2,Residential
Milton,23,2,Residential
Milton Way ,0,0,
Mission Meade Drive,26,0,Residential
Mitchell,0,0,
Monroe,18,0,Residential
Montgomery Av,38,1,Mixed
Moody Ave,303,11,Mixed
Moore Ave,31,4,Residential
Moravia,153,19,Mixed
Morehead Av,14,0,Residential
Morris,85,3,Mixed
Morton,59,2,Mixed
Motor,19,0,Mixed
MtPleasant,12,0,Residential
Mulberry (North),25,2,Residential
Mulberry (South),17,2,Residential
Mustang Av,4,0,Residential
National,13,0,Residential
Neal,26,3,Mixed
Nemo,4,1,Residential
Nesbitt Av,0,0,
Neshannock Av,3,1,Non-Residential
Neshannock Blvd,53,1,Mixed
New Butler Road,14,1,Mixed
Newell Av,18,2,Mixed
Norris Way (North),0,0,
North,151,20,Mixed
Northview Av,99,0,Residential
Northview Av (West),51,1,Residential
Norwood Av,61,2,Residential
Nutt,1,0,Non-Residential
Oak,62,6,Residential
Oak Park Lane,12,0,Residential
Oakland Av,13,1,Mixed
Oakwood Av,26,0,Residential
Oakwood Way,49,0,Mixed
O'Brien Av,2,0,Residential
Okinawa Drive,25,0,Residential
Old Butler Road,0,0,
Old Long Av,8,1,Residential
Old Pittsburgh Road,39,0,Mixed
Old Plank Road,56,2,Mixed
Old Princeton Road,16,0,Residential
Orchard,4,1,Residential
Orchard Way,14,2,Residential
Orlando Av,14,0,Residential
Osage,1,0,Residential
Park Av,149,2,Mixed
Park Lane,8,0,Residential
Parkwood Court,32,0,Residential
Patterson Av,9,2,Residential
Paul,14,0,Mixed
Pearl,21,0,Residential
Pearl (West),12,0,Residential
Pearson,88,4,Mixed
Pearson Mill Road,2,0,Residential
Pennsylvania Av,107,11,Mixed
Pennsylvania Av Ext,7,1,Mixed
Phillips,27,2,Mixed
Phillips Place,8,1,Residential
Pin Oak Drive,73,0,Residential
Pine,60,4,Residential
Pinehurst Drive,13,0,Residential
Plum,0,0,
Point Place,3,0,Residential
Pollock Av,59,2,Mixed
Poplar,6,1,Residential
Porter,8,4,Residential
Power,1,0,Non-Residential
Preston Av,0,1,
Produce,9,2,Mixed
Prospect,15,0,Residential
Pulaski Road,56,2,Mixed
Quay,0,0,
Quest,4,0,Residential
Rabbit Av,2,0,Residential
Race (East),0,0,
Randolph,47,0,Residential
Ranney Av ,9,1,Mixed
Ray (North),52,1,Residential
Ray (South),105,5,Mixed
Raymond,25,0,Residential
Rebecca,14,1,Mixed
Rebecca Way,5,0,Mixed
Reiber,0,0,
Reis,28,0,Mixed
Reynolds,133,13,Mixed
Rhodes Place,11,1,Mixed
Richelieu Av,31,2,Residential
Richview Drive,9,2,Residential
Ridge,7,0,Residential
Ridge Av,11,1,Mixed
Ridgelawn Av,13,1,Residential
Ridgewood Court (East),21,0,Residential
Ridgewood Court (South),11,0,Residential
Ridgewood Court (West),16,0,Residential
Ridgewood Drive,6,1,Mixed
Rigby,1,0,Residential
Riverview Av,13,2,Residential
Robinson,9,2,Residential
Robinson Lane,2,0,Residential
Robinwood,14,0,Residential
Rock Av,0,0,
Roosevelt,26,0,Mixed
Rose Av,76,0,Mixed
Rosedale,8,0,Residential
Round (North),7,1,Residential
Round (South),21,1,Residential
Roy Drive,12,0,Residential
Rutgers Drive,7,0,Residential
Ruth,25,0,Residential
Ryan Av,46,2,Residential
Sampson,68,6,Mixed
Sankey,7,2,Residential
Sankey Lane,9,0,Residential
Savannah Road,29,0,Residential
Schenley Av,24,0,Residential
Schley (North),2,0,Residential
Schley (South),0,0,
School,1,0,Residential
Scioto,32,6,Residential
Scotland Lane (North),61,0,Residential
Scotland Lane (South),40,0,Mixed
Scott (North),31,0,Residential
Scott (South),12,0,Residential
Second,5,1,Residential
Sennett,0,0,Residential
Service,8,0,Mixed
Seventh,18,1,Residential
Shady Side,28,0,Mixed
Shadylane Drive (East),15,0,Residential
Shadylane Drive (North),7,0,Residential
Shadylane Drive (West),11,0,Residential
Sharp,16,1,Residential
Shaw,48,5,Residential
Sheets,6,0,Residential
Shenango (North),34,1,Mixed
Shenango Road,53,5,Residential
Sheridan Av,158,4,Mixed
Sherman,0,0,
Shira,2,0,Residential
Short,1,0,Residential
Sixth,11,0,Residential
Slate,3,0,Residential
Smith,7,0,Residential
Smith Lane,4,0,Residential
Smithfield,99,3,Mixed
South,3,0,Non-Residential
South New Castle Burough,0,0,
Southview Av,6,0,Residential
Spiner Av,9,1,Residential
Spring,22,1,Residential
Spring Garden Av,16,0,Residential
Spruce,47,4,Residential
Stanton Av,20,1,Mixed
State,150,12,Mixed
Steinbrink,16,0,Residential
Stewart,0,0,
Stewart Place,6,0,Residential
Summit,25,0,Residential
Summit View Drive,21,0,Mixed
Sumner Av,82,0,Residential
Sunny Av,35,1,Residential
Sunset Drive,20,1,Residential
Sunset Drive (East),2,0,Residential
Superior,43,2,Mixed
Swansea Av,2,0,Mixed
Swansea Av (South),0,0,
Sycamore,21,1,Residential
Sycamore (East),2,0,Non-Residential
Sycamore (West),0,0,
Syling,6,0,Residential
Taylor,52,3,Mixed
Tempalena Av (East),16,0,Residential
Tempalena Av (West),5,0,Residential
Temple Av,31,0,Residential
Terrace Av,51,5,Mixed
Third,2,0,Residential
Thornhill Drive,22,0,Residential
Thorpe,26,0,Residential
Town Mall,34,3,Non-Residential
Tremont,5,0,Residential
Treser Av,8,1,Residential
Tucker Way,2,0,Residential
Tulagi Way,7,0,Residential
Uber Av,19,2,Residential
Underwood,15,0,Residential
Union,2,0,Residential
Union Av,3,0,Residential
Upland Drive,14,0,Residential
Valentine,1,0,Non-Residential
Valley,3,0,Residential
Vesta,0,0,
Vine (North),56,3,Mixed
Vine (South),8,0,Residential
Virginia Av,0,0,
Vogan Av,50,0,Mixed
Wabash Av,45,3,Residential
Waldo,55,4,Residential
Walker,0,0,
Wallace Av,151,3,Mixed
Walls,6,0,Residential
Walmo,0,0,
Walmo-Eastbrook Road,0,0,
Walnut,115,12,Residential
Walter,14,0,Residential
Warner Alley,7,1,Residential
Warner Av,66,1,Residential
Washington,964,122,Mixed
Water,3,0,Mixed
Wayne (North),15,0,Residential
Wayne (South),19,2,Residential
Weaver,7,0,Residential
Weinberg,0,0,
Wellsley,4,0,Residential
West Av,4,1,Mixed
West Park Way,12,1,Residential
West Pittsburgh Road,15,3,Mixed
Whippo,19,1,Residential
White,3,0,Non-Residential
Whitehill Drive,10,0,Residential
Whitney Av,0,0,
Wick,10,0,Residential
Wilder ,11,0,Residential
Wildwood Av,23,0,Residential
Willard Av,2,0,Residential
Williams,36,0,Residential
Willowbrook Road,37,0,Residential
Willowhurst Circle,56,2,Mixed
Wilmington Av,387,3,Mixed
Wilson Av,52,1,Mixed
Wilson Drive,2,0,Mixed
Wilson Road,10,2,Mixed
Winslow,60,0,Residential 
Winter Av,104,3,Mixed
Wolfe,2,0,Residential 
Wood,1,1,Residential 
Wood Av,1,1,Residential 
Woodland Av,8,0,Residential 
Woodland Drive,6,0,Residential 
Woodrow,7,0,Residential 
Woods,6,0,Residential 
Wooley,16,0,Residential 
Worthington Av (West),43,0,Residential 
Yoho,4,2,Residential 
Young,24,0,Residential 
