Street,Number of Entities
Acorn,9
Adams,110
Addis,23
Adella,1
Agnew,30
Albert,44
Alborn Av,21
Alborn Mill Road,0
Allegheny Av,27
Allen,30
Almira,14
Alvaretta Blvd,6
Andrew,4
Ann,3
Appleway (North),9
Appleway (South),7
Arch (East),1
Arlington Av,70
Ashland Av (North),54
Ashland Av (South),26
Atkinson,16
Atlantic Av,53
Auburn Av,0
Audley,37
Balph Av,35
Barbour Place,11
Bartram Av,24
Beatty Av,4
Beaver (North),80
Beaver (South),62
Becker Av,9
Beckford ,119
Beech,5
Beechwood Way,1
Bell Av,46
Belmont,2
Berger,14
Berger Place,9
Birt Av,2
Blaine,48
Blanchard,4
Bleakley Av,16
Bluff,41
Blunston Av,10
Bolt,5
Bonzo,10
Borough Line,18
Boston Av,30
Boyles Av,102
Bradner Av,4
Brentwood,15
Brinton Av,7
Brooklyn Av,24
Buena Vista Way,35
Burke,4
Burns,5
Butler Av,211
Butz Av,15
Caldwell Av,5
Calvert,0
Cameron Av,15
Canyon,17
Carl,7
Carlisle,43
Carlsbad Place,6
Carr Av,8
Carson,16
Cascade (North),58
Cascade (South),50
Cascade Blvd,14
Cass,5
Castle,7
Castle Hill Manor,0
Cecil Ave,28
Cedar (North),128
Cedar (South),37
Centennial,14
Central Square,0
Chartes,49
Cherry,117
Chestnut,81
City Line,3
Clarence Av,16
Clayton,99
Clearview Av,11
Clen-Moore Blvd,59
Clen-Moore Blvd (West),27
Cleveland Av,30
Cliff,20
Coates Av,8
Conkle Av,7
Conn,0
Conner Av,5
County Line,118
Court,128
Craig,3
Crawford Av (North),67
Crawford Av (South),34
Crawford Terrace,2
Crescent Av,9
Croton Av,439
Crow,10
Cuba,24
Culbertson Place,5
Cumberland Av,17
Cunningham Av,89
Darlington Av,4
Decker Drive,2
Delaware Av,148
Denver Av,21
Dewey Av,69
Diamond (North),10
Dickson,6
Dillworth Av,8
Division,79
Duquesne Av,13
Dushane,52
East,75
East Main,35
Eastbrook,29
Eddy,4
Edgewood Av,80
Edgewood Av (West),12
Edison Av,60
Eighth,9
Electric,50
Elizabeth Av,59
Ellsworth Way,2
Elm,26
Elmwood,44
Emerson Av,20
Emery,9
Englewood Av,59
English Av,47
Epworth,30
Erie Av,16
Etna,31
Euclid Av,115
Euclid Av (West),26
Fairfield Av,77
Fairmont Av,92
Fairmont Av (West),31
Fairview,5
Falls,85
Federal,3
Fern,56
Fifth,2
Finch,20
First (North),2
First (South),8
Fleming Way,2
Florence Av,28
Forest,27
Fourth,3
Francis,6
Francis Av,1
Francis Place,11
Frank Av,19
Frank Way,6
Franklin Av,43
Frazier Drive,14
Friendship,50
Front (North),12
Front (South),18
Fulkerson,14
Fulton,24
Furnace,1
Galbreath Av,52
Gardner Av,7
Gardner Lane,3
George,0
Gibson Av,4
Gilmore,22
Glass,7
Glen Av,6
Good Av,5
Graceland Road,25
Grandview Av,47
Green,30
Greenwood Av (North),14
Greenwood Av (South),15
Gretchen Av,14
Grigsby Av,8
Grimes,11
Grove,13
Grove Av,7
Guadalcanal Road,6
Hale,1
Hamilton,112
Hanna,73
Harbor,41
Harbor Road,20
Harding Av,12
Harrison,77
Hart,14
Hartman,9
Haus Av,11
Hawthorne Av,16
Hazel,29
Hazelcroft Av,83
Hazen,26
Hemlock,6
Herrick Av,3
High,45
Highland Av,318
Highland Place,5
Hill Row,5
Hillcrest Av,122
Hillcrest Av (West),4
Hobart,3
Holton,10
Home,77
Homestead,9
Hoover Av,0
Howard Way,22
Huey,20
Huron Av,89
Idlewild Drive,3
Industrial,3
Jackson,43
Jefferson (North),123
Jefferson (South),388
John,26
Johnson,13
Jones,2
Junior High,18
Katherine,40
Kenneth Av,36
Kerr,16
King Av,40
King's Chapel Road,0
Kurtz,16
Kurtz Place,4
Lacock ,6
Lafayette (North),18
Lafayette (South),27
Lakeview Av,7
Lathrop,49
Laurel Av,51
Laurel Blvd,52
Laurel Place,10
Leasure Av,153
Lee Av (North),30
Lee Av (South),30
Liberty (North),186
Liberty (South),42
Lincoln Av,122
Linden,0
Locust,43
Logan,8
Long Av,340
Loraine Av,40
Lowry,6
Ludwig Road,8
Mabel,14
Madison Av,104
Magee,10
Mahoning Av,58
Main,0
Maitland,26
Maitland Lane,65
Manor Av,2
Maple,21
Maple Drive,12
Margaret,1
Marion Court,2
Marshall,53
Martha,49
Maryland Av,81
Matilda Av,33
McCarty Lane,3
McClain Av,4
McCleary Av,15
McClelland Av,35
McCready Place,6
McKinley,1
Meadow,2
Mechanic,4
Meegan Av,6
Melrose Av,5
Mercer (North),349
Mercer (South),105
Meyer Av,91
Meyer Av (West),31
Midway Island Circle,0
Mill (North),175
Mill (South),282
Miller,43
Miller Av,34
Miller Road,0
Miller Road (South),2
Mills Way,16
Milton,40
Monroe,21
Montgomery Av,41
Moody Ave,144
Moore Ave,23
Moravia,201
Morehead Av,13
Morris,77
Morton,70
Motor,15
MtPleasant,10
Mulberry (North),26
Mulberry (South),20
National,13
Neal,27
Nemo,7
Neshannock Av,245
Neshannock Blvd,47
Newell Av,34
Northview Av,91
Northview Av (West),37
Norwood Av,56
Nutt,1
O'Brien Av,12
Oak,67
Oakland Av,19
Oakwood Av,22
Oakwood Way,22
Okinawa Drive,9
Old Butler Road,0
Old Long Av,8
Old Pittsburgh Road,25
Old Plank Road,39
Orchard,4
Orchard Way,11
Orlando Av,11
Osage,2
Park Av,146
Park Lane,3
Patterson Av,10
Paul,3
Pearl,21
Pearl (West),3
Pearson,126
Pearson Mill Road,2
Pennsylvania Av,116
Pennsylvania Av Ext,11
Phillips,25
Phillips Place,10
Pine,67
Plum,0
Point Place,3
Pollock Av,62
Poplar,6
Porter,8
Power,8
Preston Av,15
Produce,17
Prospect,13
Pulaski Road,43
Quay,0
Quest,34
Rabbit Av,4
Randolph,45
Ray (North),54
Ray (South),105
Raymond,29
Rebecca,15
Rebecca Way,10
Reiber,2
Reis,14
Reynolds,154
Rhodes Place,9
Richelieu Av,32
Ridge,8
Ridge Av,11
Rigby,5
Riverview Av,16
Robinson,13
Robinson Lane,3
Robinwood,14
Rock Av,0
Roosevelt,13
Rose Av,71
Rosedale,8
Round (North),7
Round (South),17
Roy Drive,6
Ryan Av,41
Sampson,84
Sankey,13
Savannah Road,11
School,3
Scioto,53
Scott (North),29
Scott (South),10
Second,4
Service,7
Seventh,3
Shady Side,38
Sharp,15
Shaw,49
Sheets,6
Shenango (North),39
Sherman,1
Shira,2
Short,3
Sixth,10
Slate,5
Smith,7
Smithfield,97
South,32
South New Castle Burough,0
Southview Av,5
Spring,22
Spruce,54
Stanton Av,17
State,169
Stewart,1
Stewart Place,6
Summit,22
Sunny Av,8
Superior,56
Swansea Av,2
Swansea Av (South),0
Sycamore,27
Syling,6
Taylor,47
Temple Av,31
Terrace Av,54
Third,2
Thorpe,25
Tremont,3
Treser Av,10
Tucker Way,2
Tulagi Way,6
Uber Av,20
Underwood,16
Union,2
Union Av,2
Valentine,1
Valley,5
Vesta,0
Vine (North),37
Vine (South),11
Vogan Av,34
Wabash Av,50
Waldo,55
Walker,0
Wallace Av,174
Walls,6
Walmo,0
Walmo-Eastbrook Road,0
Walter,13
Warner Alley,6
Warner Av,39
Washington (East),898
Washington (West),375
Water,6
Wayne (North),15
Wayne (South),18
Weaver,12
Weinberg,3
Wellsley,2
West Av,5
West Park Way,17
West Pittsburgh Road,0
Whippo,21
White,4
Whitney Av,0
Wick,10
Wildwood Av,24
Willard Av,5
Williams,32
Willowbrook Road,31
Wilmington Av,276
Wilson Av,58
Wilson Road,0
Winslow,63
Winter Av,119
Wolfe,10
Wood,12
Wood Av,0
Woodland Av,9
Woodland Drive,4
Woodrow,4
Woods,9
Wooley,18
Worthington Av (West),42
Yoho,7
Young,36
