Street,Number of Entities
Acorn,12
Adams,105
Addis,32
Adella,1
Agnew,29
Albert,47
Alborn Av,14
Alborn Mill Road,0
Allegheny Av,33
Allen,24
Almira,16
Alvaretta Blvd,9
Andrew,5
Ann,3
Appleway (North),7
Appleway (South),3
Arch (East),1
Arlington Av,68
Ashland Av (North),54
Ashland Av (South),19
Atkinson,19
Atlantic Av,44
Auburn Av,0
Audley,49
Balph Av,35
Barbour Place,14
Bartram Av,20
Beatty Av,5
Beaver (North),173
Beaver (South),40
Becker Av,9
Beckford ,105
Beech,4
Beechwood Way,2
Bell Av,50
Belmont,2
Berger,12
Berger Place,11
Birt Av,2
Blaine,40
Blanchard,3
Bleakley Av,18
Bluff,38
Blunston Av,10
Bolt,4
Bonzo,10
Borough Line,19
Boston Av,34
Boyles Av,113
Bradner Av,3
Brentwood,14
Brinton Av,1
Brooklyn Av,21
Buena Vista Way,39
Burke,4
Burns,11
Butler Av,206
Butz Av,28
Caldwell Av,4
Calvert,0
Cameron Av,31
Canyon,18
Carl,6
Carlisle,42
Carlsbad Place,9
Carr Av,8
Carson,14
Cascade (North),74
Cascade (South),81
Cascade Blvd,9
Cass,5
Castle,15
Castle Hill Manor,0
Cecil Ave,33
Cedar (North),104
Cedar (South),36
Centennial,14
Central Square,0
Chartes,47
Cherry,116
Chestnut,75
City Line,4
Clarence Av,21
Clayton,100
Clearview Av,12
Clen-Moore Blvd,70
Clen-Moore Blvd (West),30
Cleveland Av,24
Cliff,16
Coates Av,15
Conkle Av,7
Conn,0
Conner Av,7
County Line,109
Court,105
Craig,1
Crawford Av (North),54
Crawford Av (South),30
Crawford Terrace,2
Crescent Av,10
Croton Av,339
Crow,18
Cuba,12
Culbertson Place,6
Cumberland Av,15
Cunningham Av,79
Darlington Av,4
Decker Drive,27
Delaware Av,148
Denver Av,21
Dewey Av,72
Diamond (North),1
Dickson,6
Dillworth Av,8
Division,84
Duquesne Av,14
Dushane,51
East,37
East Main,33
Eastbrook,36
Eddy,4
Edgewood Av,101
Edgewood Av (West),16
Edison Av,61
Eighth,10
Electric,44
Elizabeth Av,112
Ellsworth Way,1
Elm,20
Elmwood,38
Emerson Av,20
Emery,8
Englewood Av,59
English Av,45
Epworth,26
Erie Av,15
Etna,33
Euclid Av,117
Euclid Av (West),29
Fairfield Av,81
Fairmont Av,116
Fairmont Av (West),46
Fairview,5
Falls,54
Federal,4
Fern,56
Fifth,5
Finch,19
First (North),2
First (South),8
Fleming Way,2
Florence Av,32
Forest,25
Fourth,3
Francis,6
Francis Av,2
Francis Place,10
Frank Av,28
Frank Way,4
Franklin Av,44
Frazier Drive,23
Friendship,49
Front (North),5
Front (South),13
Fulkerson,11
Fulton,18
Furnace,1
Galbreath Av,48
Gardner Av,3
Gardner Lane,4
George,1
Gibson Av,4
Gilmore,28
Glass,7
Glen Av,6
Good Av,4
Graceland Road,28
Grandview Av,66
Green,36
Greenwood Av (North),15
Greenwood Av (South),13
Gretchen Av,23
Grigsby Av,13
Grimes,12
Grove,11
Grove Av,14
Guadalcanal Road,11
Hale,1
Hamilton,102
Hanna,76
Harbor,35
Harbor Road,22
Harding Av,17
Harrison,73
Hart,16
Hartman,7
Haus Av,12
Hawthorne Av,17
Hazel,37
Hazelcroft Av,111
Hazen,52
Hemlock,6
Herrick Av,17
High,43
Highland Av,322
Highland Place,3
Hill Row,0
Hillcrest Av,141
Hillcrest Av (West),10
Hobart,4
Holton,0
Home,64
Homestead,5
Hoover Av,0
Howard Way,16
Huey,19
Huron Av,89
Idlewild Drive,56
Industrial,6
Jackson,58
Jefferson (North),109
Jefferson (South),215
John,29
Johnson,28
Jones,2
Junior High,15
Katherine,38
Kenneth Av,47
Kerr,15
King Av,37
King's Chapel Road,0
Kurtz,13
Kurtz Place,5
Lacock ,7
Lafayette (North),18
Lafayette (South),29
Lakeview Av,18
Lathrop,51
Laurel Av,45
Laurel Blvd,54
Laurel Place,18
Leasure Av,173
Lee Av (North),28
Lee Av (South),35
Liberty (North),162
Liberty (South),35
Lincoln Av,138
Linden,6
Locust,52
Logan,8
Long Av,263
Loraine Av,39
Lowry,3
Ludwig Road,11
Mabel,14
Madison Av,104
Magee,11
Mahoning Av,38
Main,0
Maitland,19
Maitland Lane,111
Manor Av,10
Maple,18
Maple Drive,15
Margaret,2
Marion Court,0
Marshall,54
Martha,43
Maryland Av,75
Matilda Av,35
McCarty Lane,10
McClain Av,5
McCleary Av,19
McClelland Av,38
McCready Place,0
McKinley,1
Meadow,2
Mechanic,3
Meegan Av,13
Melrose Av,8
Mercer (North),298
Mercer (South),84
Meyer Av,103
Meyer Av (West),42
Midway Island Circle,3
Mill (North),134
Mill (South),236
Miller,37
Miller Av,41
Miller Road,0
Miller Road (South),20
Mills Way,19
Milton,23
Monroe,18
Montgomery Av,38
Moody Ave,303
Moore Ave,31
Moravia,153
Morehead Av,14
Morris,85
Morton,59
Motor,19
MtPleasant,12
Mulberry (North),25
Mulberry (South),17
National,13
Neal,26
Nemo,4
Neshannock Av,3
Neshannock Blvd,53
Newell Av,18
Northview Av,99
Northview Av (West),51
Norwood Av,61
Nutt,1
Oak,62
Oakland Av,13
Oakwood Av,26
Oakwood Way,49
O'Brien Av,2
Okinawa Drive,25
Old Butler Road,0
Old Long Av,8
Old Pittsburgh Road,39
Old Plank Road,56
Orchard,4
Orchard Way,14
Orlando Av,14
Osage,1
Park Av,149
Park Lane,8
Patterson Av,9
Paul,14
Pearl,21
Pearl (West),12
Pearson,88
Pearson Mill Road,2
Pennsylvania Av,107
Pennsylvania Av Ext,7
Phillips,27
Phillips Place,8
Pine,60
Plum,0
Point Place,3
Pollock Av,59
Poplar,6
Porter,8
Power,1
Preston Av,0
Produce,9
Prospect,15
Pulaski Road,56
Quay,0
Quest,4
Rabbit Av,2
Randolph,47
Ray (North),52
Ray (South),105
Raymond,25
Rebecca,14
Rebecca Way,5
Reiber,0
Reis,28
Reynolds,133
Rhodes Place,11
Richelieu Av,31
Ridge,7
Ridge Av,11
Rigby,1
Riverview Av,13
Robinson,9
Robinson Lane,2
Robinwood,14
Rock Av,0
Roosevelt,26
Rose Av,76
Rosedale,8
Round (North),7
Round (South),21
Roy Drive,12
Ryan Av,46
Sampson,68
Sankey,7
Savannah Road,29
School,1
Scioto,32
Scott (North),31
Scott (South),12
Second,5
Service,8
Seventh,18
Shady Side,28
Sharp,16
Shaw,48
Sheets,6
Shenango (North),34
Sherman,0
Shira,2
Short,1
Sixth,11
Slate,3
Smith,7
Smithfield,99
South,3
South New Castle Burough,0
Southview Av,6
Spring,22
Spruce,47
Stanton Av,20
State,150
Stewart,0
Stewart Place,6
Summit,25
Sunny Av,35
Superior,43
Swansea Av,2
Swansea Av (South),0
Sycamore,21
Syling,6
Taylor,52
Temple Av,31
Terrace Av,51
Third,2
Thorpe,26
Tremont,5
Treser Av,8
Tucker Way,2
Tulagi Way,7
Uber Av,19
Underwood,15
Union,2
Union Av,3
Valentine,1
Valley,3
Vesta,0
Vine (North),56
Vine (South),8
Vogan Av,50
Wabash Av,45
Waldo,55
Walker,0
Wallace Av,151
Walls,6
Walmo,0
Walmo-Eastbrook Road,0
Walter,14
Warner Alley,7
Warner Av,66
Washington,964
Water,3
Wayne (North),15
Wayne (South),19
Weaver,7
Weinberg,0
Wellsley,4
West Av,4
West Park Way,12
West Pittsburgh Road,15
Whippo,19
White,3
Whitney Av,0
Wick,10
Wildwood Av,23
Willard Av,2
Williams,36
Willowbrook Road,37
Wilmington Av,387
Wilson Av,52
Wilson Road,10
Winslow,60
Winter Av,104
Wolfe,2
Wood,1
Wood Av,1
Woodland Av,8
Woodland Drive,6
Woodrow,7
Woods,6
Wooley,16
Worthington Av (West),43
Yoho,4
Young,24
